id,name,kategorie,klasse,kurz_de,aussehen_de,motiv_en,basis,basis_grund
BM9,Beretta M9,WAFFE,PISTOLE,Standard-Pistole,"Halbautomatische 9-mm-Pistole im Stil der Beretta M9. Oben offener Schlitten, mattschwarz, griffige Griffschalen.","Beretta M9 style 9mm semi-automatic pistol with open-top slide, matte black finish, textured grip panels",ja,"Pistole, Halbautomatik, Zweitwaffen-Slot"
BWP38,Walther P38,WAFFE,PISTOLE,Klassische Weltkriegspistole,"Weltkriegs-Dienstpistole im Stil der Walther P38. Brünierter Stahlschlitten, brauner Bakelit-Griff.","Walther P38 style WWII 9mm service pistol, blued steel slide, brown bakelite grip",,
BWPP,Walther PP,WAFFE,PISTOLE,Kleine Taschenpistole,"Kleine Taschenpistole im Stil der Walther PP, Kaliber 7,65 mm. Brünierter Stahl, schwarzer Griff.","Walther PP style compact 7.65mm pocket pistol, blued steel, black grip",,
LUGER_P08,Luger P08,WAFFE,PISTOLE,Kniegelenk-Pistole,"Pistole mit Kniegelenkverschluss im Stil der Luger P08. Brünierter Stahl, karierter Nussbaumgriff.","Luger P08 style toggle-lock pistol, blued steel, checkered walnut grip",,
BC1900,Colt M1900,WAFFE,PISTOLE,Frühe Selbstladepistole,"Frühe Selbstladepistole im Stil der Colt M1900. Brünierter Stahl, glatter Holzgriff.","early 1900s Colt M1900 style semi-automatic pistol, blued steel, smooth wooden grip",,
GLOCK18,Glock 18,WAFFE,PISTOLE,Vollautomatische Pistole,Kunststoff-Maschinenpistole im Stil der Glock 18 mit langem 33-Schuss-Magazin und Feuerwahlschalter.,Glock 18 style polymer machine pistol with extended 33-round magazine and fire selector switch,,
ANACONDA,Colt Anaconda,WAFFE,PISTOLE,Magnum-Revolver,".44-Magnum-Revolver im Stil des Colt Anaconda. Edelstahl, langer gerippter Lauf, schwarzer Gummigriff.","Colt Anaconda style .44 Magnum double-action revolver, stainless steel, long ribbed barrel, black rubber grip",,
DESERTEAGLE,Desert Eagle,WAFFE,PISTOLE,Schwere Pistole,"Schwere Pistole im Stil der Desert Eagle (.50 AE). Gebürstetes Chrom, dreieckiges Laufprofil.",".50 AE Desert Eagle style heavy semi-automatic pistol, brushed chrome, triangular barrel profile",,
TASER_SPECIAL,Taser,WAFFE,PISTOLE,Elektroschocker,"Elektroschocker in Pistolenform. Gelb-schwarzes Kunststoffgehäuse, austauschbare Kartusche vorne.","law-enforcement stun gun pistol, yellow and black polymer body, replaceable cartridge at the muzzle",,
SHOOTINGSTAR,Shooting Star,WAFFE,PISTOLE,Western-Revolver,"Western-Revolver (Single Action) mit Sterngravuren. Vernickelt, Elfenbeingriff.","wild west single-action revolver with star engravings, nickel finish, ivory grip",,
ROLLER,Roller,WAFFE,PISTOLE,Western-Revolver,"Western-Revolver mit Rankengravuren auf der Trommel. Dunkler Stahl, Nussbaumgriff.","wild west single-action revolver with rolling scroll engravings on the cylinder, dark steel, walnut grip",,
GOLDBADGE,Gold Badge,WAFFE,PISTOLE,Sheriff-Revolver,Sheriff-Revolver mit Goldeinlagen und kleinem Sheriffstern am Griff.,wild west sheriff revolver with gold inlays and a small sheriff star emblem on the grip,,
UZI,Uzi,WAFFE,MP,Kompakte MP,"Kompakte 9-mm-Maschinenpistole im Stil der Uzi. Gestanztes Stahlgehäuse, Klappschaft, Magazin im Griff.","Uzi style compact 9mm submachine gun, stamped steel receiver, folding stock, magazine in pistol grip",ja,"Maschinenpistole, Vollautomatik mit hoher Feuerrate"
MP40,MP 40,WAFFE,MP,Weltkriegs-MP,"Weltkriegs-Maschinenpistole im Stil der MP 40. Schwarzer Stahl, Metall-Klappschaft, langes gerades Magazin.","MP 40 style WWII submachine gun, black steel, folding metal stock, long straight magazine",,
PPSH41,PPSh-41,WAFFE,MP,Trommel-MP,"Maschinenpistole im Stil der PPSh-41 mit 71-Schuss-Trommelmagazin, Holzschaft und gelochtem Laufmantel.","PPSh-41 style submachine gun with 71-round drum magazine, wooden stock, ventilated barrel shroud",,
K1,Daewoo K1,WAFFE,MP,Karabiner-MP,Kompakter Karabiner im Stil der Daewoo K1A mit einschiebbarem Drahtschaft und kurzem Lauf.,Daewoo K1A style compact carbine with collapsible wire stock and short barrel,,
MP7_SPECIAL,HK MP7,WAFFE,MP,Moderne PDW,"Kompakte PDW im Stil der HK MP7. Schwarzer Kunststoff, klappbarer Vordergriff, einschiebbarer Schaft.","HK MP7 style compact personal defense weapon, black polymer, folding foregrip, retractable stock",,
DELTA,Delta,WAFFE,MP,Event-MP,Moderne kompakte MP mit kantigem sandfarbenem Kunststoffgehäuse und integriertem Rotpunktvisier.,modern compact submachine gun with angular tan polymer body and integrated red-dot sight,,
NEEDLE,Needle,WAFFE,MP,Sci-Fi-MP,"Sci-Fi-Nadel-MP. Weiß-türkise Schale, leuchtende Kristallnadeln in einem durchsichtigen Magazin.","sci-fi needle submachine gun, white and teal shell, glowing crystal needles in a transparent magazine",,
DEVILWEAPON,Teufels-MP,WAFFE,MP,Halloween-MP,Halloween-MP im Teufels-Look. Tiefrotes Gehäuse mit kleinen Hörnern und Flammen-Aufklebern.,"Halloween devil-themed submachine gun, deep red body with small horns and flame decals",,
HORSEHAIR,Horsehair,WAFFE,MP,Western-MP,"Trommel-MP im 1920er-Stil mit Western-Note. Poliertes Holz, Rosshaar-Quasten.","1920s drum-fed submachine gun with wild west styling, polished wood furniture and horsehair tassels",,
WATERGUN,Wasserpistole,WAFFE,MP,Wasser-Event,"Spielzeug-Wasserpistole. Glänzend blau-oranger Kunststoff, durchsichtiger Wassertank oben.","toy water pistol, glossy blue and orange plastic, clear water tank on top",,
WATERDUCK,Wasser-Ente,WAFFE,MP,Wasser-Event,Spielzeug-Wasserpistole in Form einer gelben Gummiente. Der orange Schnabel ist die Düse.,"toy water gun shaped like a yellow rubber duck, orange beak as the nozzle",,
SUMMER_WATER_TURTLE_GUN,Schildkröten-Spritze,WAFFE,MP,Wasser-Event,Spielzeug-Wasserpistole in Form einer grünen Meeresschildkröte. Der Panzer ist der Wassertank.,"toy water gun shaped like a green sea turtle, shell as the water tank",,
SUMMER_WATER_OCTOPUS_GUN,Oktopus-Spritze,WAFFE,MP,Wasser-Event,Spielzeug-Wasserpistole in Form eines rosa Oktopus. Die Tentakel umschlingen den Griff.,"toy water gun shaped like a pink octopus, tentacles wrapped around the grip",,
SUMMER_WATER_BANANA_GUN,Bananen-Spritze,WAFFE,MP,Wasser-Event,Spielzeug-Wasserpistole in Form einer reifen Banane. Die Schalenlappen bilden den Schaft.,"toy water gun shaped like a ripe banana, peel flaps as the stock",,
M16,M16A2,WAFFE,STURMGEWEHR,Burst-Sturmgewehr,"Sturmgewehr im Stil des M16A2 mit Tragegriff, dreieckigem Handschutz und festem schwarzem Schaft.","M16A2 style assault rifle with carry handle, triangular handguard, fixed black stock",ja,3-Schuss-Salve (semiAuto)
AK47,AK-47,WAFFE,STURMGEWEHR,Klassiker,"Sturmgewehr im Stil der AK-47. Holzschaft und Holz-Handschutz, gebogenes Stahlmagazin.","AK-47 style assault rifle, wooden stock and handguard, curved steel magazine",,
M4,M4A1,WAFFE,STURMGEWEHR,Karabiner,"Karabiner im Stil des M4A1. Flache Schiene mit Rotpunktvisier, einschiebbarer Schaft, Vierfach-Schienen-Handschutz.","M4A1 style carbine, flat-top rail with red-dot sight, collapsible stock, quad-rail handguard",ja,"Sturmgewehr, Vollautomatik, Rotpunkt-Visier"
STG44,StG 44,WAFFE,STURMGEWEHR,Weltkriegs-Sturmgewehr,"Weltkriegs-Sturmgewehr im Stil des StG 44. Gestanztes Stahlgehäuse, Holzschaft, langes gebogenes Magazin.","StG 44 style WWII assault rifle, stamped steel receiver, wooden stock, long curved magazine",,
K2,Daewoo K2,WAFFE,STURMGEWEHR,Sturmgewehr,"Sturmgewehr im Stil des Daewoo K2. Schwarzer Kunststoff, seitlich klappbarer Schaft.","Daewoo K2 style assault rifle, black polymer, side-folding stock",,
FAMAS,FAMAS F1,WAFFE,STURMGEWEHR,Bullpup,Bullpup-Sturmgewehr im Stil des FAMAS F1 mit langem Tragegriff oben.,FAMAS F1 style bullpup assault rifle with long carry handle on top,,
G36K,G36K,WAFFE,STURMGEWEHR,Kurzes Sturmgewehr,"Kurzes Sturmgewehr im Stil des G36K. Schwarzer Kunststoff, Tragegriff mit eingebauter Optik, durchscheinendes Magazin.","G36K style short assault rifle, black polymer, integrated carry handle optic, translucent magazine",,
HK416,HK416,WAFFE,STURMGEWEHR,Modernes Sturmgewehr,"Sturmgewehr im Stil des HK416 mit Schienensystem, Holo-Visier und verstellbarem Schaft.","HK416 style assault rifle, rail system, holographic sight, adjustable stock",,
L85A2,L85A2,WAFFE,STURMGEWEHR,Bullpup mit Optik,"Bullpup-Gewehr im Stil des L85A2 mit 4x-Optik (SUSAT-artig), schwarz.","L85A2 style bullpup rifle with 4x SUSAT-like optic, black finish",,
WZ96_Beryl,wz.96 Beryl,WAFFE,STURMGEWEHR,Sturmgewehr,"Sturmgewehr im Stil des wz.96 Beryl. AK-artiges Gehäuse, klappbarer Drahtschaft, schwarz.","wz.96 Beryl style assault rifle, AK-pattern receiver, folding wire stock, black finish",,
C8A1_CARBINE,C8A1 Carbine,WAFFE,STURMGEWEHR,Karabiner,"Karabiner im Stil des C8A1. Kurzer Lauf, Teleskopschaft, Rotpunktvisier.","C8A1 style carbine, short barrel, telescoping stock, red-dot sight",,
BN2000,FN F2000,WAFFE,STURMGEWEHR,Bullpup,"Futuristisches Bullpup-Gewehr im Stil des FN F2000. Glattes, rundes Kunststoffgehäuse mit 1,6x-Optik.",FN F2000 style futuristic bullpup rifle with smooth rounded polymer body and 1.6x optic,,
B11,Daewoo K11,WAFFE,STURMGEWEHR,Gewehr mit Granatwerfer,Doppelläufiges Gewehr im Stil des Daewoo K11 mit eingebautem 20-mm-Granatwerfer und großer Feuerleit-Optik.,Daewoo K11 style dual-barrel rifle with integrated 20mm airburst grenade launcher and large fire-control optic,ja,"Unterlauf-Granatwerfer (Rechtsklick, Granate im Bogen)"
STEYRAUG_WHITE,Steyr AUG (Weiß),WAFFE,STURMGEWEHR,Bullpup,"Bullpup-Gewehr im Stil des Steyr AUG mit eingebauter 1,5x-Optik, weißer Kunststoff.","Steyr AUG style bullpup rifle with integrated 1.5x optic, white polymer finish",,
STEYRAUG_BLACK,Steyr AUG (Schwarz),WAFFE,STURMGEWEHR,Bullpup,"Bullpup-Gewehr im Stil des Steyr AUG mit eingebauter 1,5x-Optik, schwarzer Kunststoff.","Steyr AUG style bullpup rifle with integrated 1.5x optic, black polymer finish",,
STEYRAUG_DESERT,Steyr AUG (Wüste),WAFFE,STURMGEWEHR,Bullpup,"Bullpup-Gewehr im Stil des Steyr AUG mit eingebauter 1,5x-Optik, sandfarbener Kunststoff.","Steyr AUG style bullpup rifle with integrated 1.5x optic, desert tan finish",,
PREDATOR,Predator,WAFFE,STURMGEWEHR,Energie-Sturmgewehr,Futuristisches Energie-Sturmgewehr. Dunkles Gunmetal mit blau leuchtenden Spulen entlang des Laufs.,"futuristic energy assault rifle, dark gunmetal body with glowing blue coils along the barrel",,
ECO,Eco,WAFFE,STURMGEWEHR,Event-Sturmgewehr,Öko-Sturmgewehr in Olivgrün und hellem Holz mit Blatt-Aufklebern.,eco-themed assault rifle in olive green and light wood with leaf-shaped decals,,
GAMMA,Gamma,WAFFE,STURMGEWEHR,Sci-Fi-Sturmgewehr,Sci-Fi-Sturmgewehr mit grün leuchtendem Gamma-Kern hinter einem Seitenfenster.,sci-fi assault rifle with a glowing green gamma core visible through a side window,,
PUMPKINWEAPON,Kürbis-Gewehr,WAFFE,STURMGEWEHR,Halloween-Gewehr,Halloween-Sturmgewehr mit orangem Trommelmagazin aus geschnitztem Kürbis und rankenumwickeltem Handschutz.,Halloween assault rifle with an orange carved-pumpkin drum magazine and vine-wrapped handguard,,
W_INDEPENDENCE_GUN,Independence Gun,WAFFE,STURMGEWEHR,Event-Gewehr,"Patriotisches Sturmgewehr in Rot, Weiß und Blau mit Sternen.","patriotic assault rifle with a red, white and blue star-spangled finish",,
SUNDANCE,Sundance,WAFFE,STURMGEWEHR,Western-Karabiner,Western-Unterhebelkarabiner mit Messinggehäuse und eingravierter aufgehender Sonne.,wild west lever-action carbine with brass receiver engraved with a rising sun,,
SCAR_SPECIAL,FN SCAR-H,WAFFE,KAMPFGEWEHR,Kampfgewehr,"Kampfgewehr im Stil des FN SCAR-H. Sandfarben, Klappschaft, Holo-Visier.","FN SCAR-H style battle rifle, tan finish, folding stock, holographic sight",ja,"Kampfgewehr, Halbautomatik mit hohem Schaden"
HK417_SPECIAL,HK417,WAFFE,KAMPFGEWEHR,Präzisionsgewehr,Präzisionsgewehr im Stil des HK417 mit 4x-Zielfernrohr und Zweibein.,HK417 style designated marksman rifle with 4x scope and bipod,,
BARD,Bard,WAFFE,KAMPFGEWEHR,Fantasy-Kampfgewehr,Fantasy-Kampfgewehr mit verzierten Bronze-Filigranen und kleinem Leier-Emblem am Schaft.,fantasy battle rifle with ornate bronze filigree and a small lyre emblem on the stock,,
XWING,X-Wing,WAFFE,KAMPFGEWEHR,Sci-Fi-Kampfgewehr,"Sci-Fi-Kampfgewehr mit X-förmigen Flügelflossen an den Seiten, weiß-rote Platten.","sci-fi battle rifle with X-shaped wing fins along the sides, white and red panels",,
CAVALRY,Cavalry,WAFFE,KAMPFGEWEHR,Unterhebel-Gewehr,"Western-Kavallerie-Unterhebelgewehr. Langer achteckiger Lauf, Sattelring, Nussbaumschaft.","wild west cavalry lever-action rifle, long octagonal barrel, saddle ring, walnut stock",,
SSG69,Steyr SSG 69,WAFFE,SCHARFSCHUETZE,Leichter Sniper,"Repetier-Scharfschützengewehr im Stil des Steyr SSG 69. Grüner Kunststoffschaft, 6x-Zielfernrohr.","Steyr SSG 69 style bolt-action sniper rifle, green synthetic stock, 6x scope",,
BMN91,Mosin-Nagant M91,WAFFE,SCHARFSCHUETZE,Klassiker,Repetiergewehr im Stil des Mosin-Nagant M91/30 mit seitlich montiertem PU-Zielfernrohr und langem Holzschaft.,"Mosin-Nagant M91/30 style bolt-action rifle with side-mounted PU scope, long wooden stock",,
AWP,AWM,WAFFE,SCHARFSCHUETZE,Schwerer Sniper,".338-Repetier-Scharfschützengewehr im Stil des AWM. Olivgrüner Lochschaft, großes variables Zielfernrohr, Zweibein.","AWM style .338 bolt-action sniper rifle, olive green thumbhole stock, large variable scope, bipod",ja,"Repetier-Sniper, zweistufiges Zielfernrohr, Herauszoomen nach dem Schuss"
JNG90,JNG-90,WAFFE,SCHARFSCHUETZE,Moderner Sniper,"Repetier-Scharfschützengewehr im Stil des JNG-90. Schwarzes Alu-Chassis, verstellbarer Schaft, großes Zielfernrohr.","JNG-90 style bolt-action sniper rifle, black aluminum chassis, adjustable stock, large scope",,
BRG42,TRG-42,WAFFE,SCHARFSCHUETZE,Präzisions-Sniper,"Repetier-Scharfschützengewehr im Stil des Sako TRG-42. Dunkelgrüner Schaft, Mündungsbremse, großes Zielfernrohr.","Sako TRG-42 style bolt-action sniper rifle, dark green stock, muzzle brake, large scope",,
BARRETT_M82A1,Barrett M82A1,WAFFE,SCHARFSCHUETZE,Anti-Material,".50-Anti-Material-Gewehr im Stil des Barrett M82A1 mit pfeilförmiger Mündungsbremse, Zweibein und 8x-Zielfernrohr.","Barrett M82A1 style .50 caliber anti-materiel rifle with arrow-shaped muzzle brake, bipod, 8x scope",,
ERASER,Eraser,WAFFE,SCHARFSCHUETZE,Laser-Sniper,"Sci-Fi-Laser-Scharfschützengewehr. Weiße Schale, roter Laseremitter an der Mündung, lange Schienenoptik.","sci-fi laser sniper rifle, white shell, red laser emitter at the muzzle, long rail scope",,
MOONLIGHT,Moonlight,WAFFE,SCHARFSCHUETZE,Event-Sniper,Elegantes Scharfschützengewehr mit silbernen Mondsichel-Motiven und blau leuchtenden Akzenten.,sleek sniper rifle with silver crescent moon motifs and soft blue glowing accents,,
OBLIVIONGUN_WHITE,Oblivion Gun (Weiß),WAFFE,SCHARFSCHUETZE,Sci-Fi-Sniper,"Futuristisches schweres Energiegewehr mit segmentiertem Lauf und Energiezelle, weiß.","futuristic heavy energy rifle with segmented barrel and power cell, white finish",,
OBLIVIONGUN_BLACK,Oblivion Gun (Schwarz),WAFFE,SCHARFSCHUETZE,Sci-Fi-Sniper,"Futuristisches schweres Energiegewehr mit segmentiertem Lauf und Energiezelle, schwarz.","futuristic heavy energy rifle with segmented barrel and power cell, black finish",,
OBLIVIONGUN_DESERT,Oblivion Gun (Wüste),WAFFE,SCHARFSCHUETZE,Sci-Fi-Sniper,"Futuristisches schweres Energiegewehr mit segmentiertem Lauf und Energiezelle, sandfarben.","futuristic heavy energy rifle with segmented barrel and power cell, desert tan finish",,
SKELETON_SNIPER,Skelett-Sniper,WAFFE,SCHARFSCHUETZE,Halloween-Sniper,Knochen-Scharfschützengewehr mit Schaft in Schädelform und Handschutz wie ein Brustkorb.,bone-themed sniper rifle with a skull-shaped stock and rib-cage handguard,,
HALFMOON,Halfmoon,WAFFE,SCHARFSCHUETZE,Western-Sniper,Western-Büffelgewehr für große Distanz mit Halbmond-Gravuren und langem Messing-Rohrvisier.,wild west long-range buffalo rifle with crescent moon engravings and a long brass tube scope,,
W1893,Winchester 1893,WAFFE,SCHROTFLINTE,Pump-Schrotflinte,"Pump-Schrotflinte im Stil der Winchester 1893. Außenliegender Hahn, Nussbaumschaft, langes Röhrenmagazin.","Winchester 1893 style pump-action shotgun, exposed hammer, walnut stock, long tube magazine",ja,"Schrotflinte, 8 bis 11 Kugeln pro Schuss, Pump-Action"
MATIAZO,Matiazo,WAFFE,SCHROTFLINTE,Taktische Schrotflinte,"Moderne taktische Selbstlade-Schrotflinte. Schwarz, verlängertes Röhrenmagazin, Ring-Kimme.","modern tactical semi-automatic shotgun, black finish, extended tube magazine, ghost-ring sights",,
CACTUS_GUN,Kaktus-Flinte,WAFFE,SCHROTFLINTE,Western-Event,"Kaktus-Schrotflinte. Grünes Gehäuse voller kleiner Stacheln, Holzschaft.","cactus-themed shotgun, green body covered in small spines, wooden stock",,
XMAS_PIGGUN,Schweinchen-Flinte,WAFFE,SCHROTFLINTE,Weihnachts-Event,Spielzeug-Schrotflinte in Form eines rosa Sparschweins mit Nikolausmütze und Münzschlitz oben.,"toy shotgun shaped like a pink piggy bank wearing a santa hat, coin slot on top",,
BULLOCK,Bullock,WAFFE,SCHROTFLINTE,Doppellauf,Doppelläufige Kutscherflinte mit Stierhorn-Verzierungen am Schaft.,double-barrel coach gun with bull horn decorations on the stock,,
HORSESHOE,Horseshoe,WAFFE,SCHROTFLINTE,Western-Flinte,Unterhebel-Schrotflinte mit Hufeisen-Gravuren am Gehäuse.,lever-action shotgun with horseshoe engravings on the receiver,,
SUMMER_WATER_SPRAY_PUMP,Wasser-Pumpgun,WAFFE,SCHROTFLINTE,Wasser-Event,Pump-Wasserblaster aus knallgelbem und blauem Kunststoff mit großem Wassertank.,"pump-action water blaster, bright yellow and blue plastic, large water tank",,
MG42,MG 42,WAFFE,SCHWER,Maschinengewehr,"Gurtgespeistes Maschinengewehr im Stil des MG 42. Gelochter Laufmantel, Zweibein, Munitionsgurt.","MG 42 style belt-fed machine gun, perforated barrel jacket, bipod, ammunition belt",ja,"Maschinengewehr, Gurt, Ducken als Zweibein"
M60_SPECIAL,M60,WAFFE,SCHWER,Maschinengewehr,"Gurtgespeistes Maschinengewehr im Stil des M60 mit Tragegriff, Zweibein und Munitionsgurt.","M60 style belt-fed machine gun, carry handle, bipod, ammunition belt",,
M1918,M1918 BAR,WAFFE,SCHWER,Leichtes MG,"Automatische Büchse im Stil der M1918 BAR. Holzschaft, 20-Schuss-Kastenmagazin, Zweibein.","M1918 BAR style automatic rifle, wooden stock, 20-round box magazine, bipod",,
VULCAN,M134 Vulcan,WAFFE,SCHWER,Minigun,Sechsläufige Minigun im Stil der M134 mit Tragegriff und Munitionszufuhr aus dem Rucksack.,M134 style six-barrel rotary minigun with carry handle and ammunition backpack feed,ja,"Minigun, Anlauf und Dauerfeuer-Sound als Schleife"
RAVAGER,Ravager,WAFFE,SCHWER,Sci-Fi-MG,Schweres Sci-Fi-MG mit dunkelroten Panzerplatten und leuchtender Munitionstrommel.,heavy sci-fi machine gun with dark red armor plates and a glowing ammo drum,,
HELLGATE,Hellgate,WAFFE,SCHWER,Event-MG,"Schweres Gurt-MG mit dämonischen Gravuren, schwarzes Metall mit glutrotem Leuchten.","heavy belt-fed machine gun with demonic engravings, black metal with ember-red glow",,
TSUNAMIRAMA,Tsunamirama,WAFFE,SCHWER,Wasser-Minigun,"Spielzeug-Wasser-Minigun mit drehenden Läufen, blauer Kunststoff mit Wellen-Aufklebern, großer Wasserrucksack.","toy water minigun with rotating barrels, blue plastic with wave decals, big water backpack",,
XMAS_ROLLINGGUN,Weihnachts-Minigun,WAFFE,SCHWER,Weihnachts-Event,Weihnachts-Minigun mit rot-weiß gestreiften Zuckerstangen-Läufen und Geschenkbox als Munitionstrommel.,Christmas rotary minigun with candy-cane striped barrels and a gift-box ammo drum,,
XMAS_BAZOOKA,Weihnachts-Bazooka,WAFFE,WERFER,Raketenwerfer,"Weihnachts-Bazooka, wie ein Geschenk mit Schleife verpackt. Verschießt Geschenkbox-Raketen.","Christmas bazooka wrapped like a present with ribbon, firing gift-box rockets",,
BRICK_BOOMER,Brick Boomer,WAFFE,WERFER,Granatwerfer,"Klobiger, spielzeughafter Granatwerfer mit Revolvertrommel, der explosive Spielzeug-Bricks verschießt.",chunky toy-like grenade launcher with a revolving drum that fires explosive toy bricks,,
AIR_CANNON,Luftkanone,WAFFE,WERFER,Druckluft-Werfer,"Druckluftkanone mit Messing-Drucktank, Manometer und breiter glockenförmiger Mündung.","pneumatic air cannon with a brass pressure tank, gauge and wide bell-shaped muzzle",,
DRAKE3000,Drake 3000,WAFFE,WERFER,Raketenwerfer,"Raketenwerfer im Drachen-Look. Drachenkopf an der Mündung, Rohr mit Schuppenmuster.",dragon-themed rocket launcher with a dragon head at the muzzle and scale-pattern tube,,
HELLFIRE,Hellfire,WAFFE,WERFER,Raketenwerfer,Schulter-Raketenwerfer mit Flammen-Aufklebern und orange glühender Auslassöffnung hinten.,shoulder rocket launcher with flame decals and a glowing orange rear vent,ja,"Raketenwerfer, echtes Projektil mit Explosion"
CROSSBOW_LAUNCHER,Armbrust,WAFFE,WERFER,Armbrust,"Moderne Jagdarmbrust. Schwarze Wurfarme, Holzschaft, Stahlsehne.","modern hunting crossbow, black limbs, wooden stock, steel string",ja,"Armbrust, Bolzen mit Schwerkraft, bleibt stecken"
CROSSBOW_CONDOR,Armbrust Condor,WAFFE,WERFER,Präzisions-Armbrust,Präzisionsarmbrust mit Zielfernrohr und Wurfarmen in Form von Greifvogelflügeln.,precision crossbow with a scope and bird-of-prey wing-shaped limbs,,
CROSSBOW_HORNET,Armbrust Hornet,WAFFE,WERFER,Repetier-Armbrust,"Repetierarmbrust mit Kastenmagazin oben, gelb-schwarz gestreift wie eine Hornisse.","repeating crossbow with a top box magazine, yellow and black hornet stripes",,
CROSSBOW_HYDRA,Armbrust Hydra,WAFFE,WERFER,Spreng-Armbrust,Dreiköpfige Armbrust mit drei übereinander liegenden Wurfarmen und Sprengspitzen-Bolzen.,three-headed crossbow with three stacked limbs and explosive-tipped bolts,,
STAFF01,Magierstab,WAFFE,WERFER,Magie-Waffe,"Hölzerner Magierstab mit blau leuchtender Kristallkugel, gehalten von verdrehten Ästen.",wooden magic staff with a glowing blue crystal orb held by twisted branches,,
SHAFT,Shaft,WAFFE,WERFER,Schwere Armbrust,"Schwere Armbrust im Ballista-Stil. Dunkler Stahlrahmen, dicke Bolzen.","heavy ballista-style crossbow, dark steel frame, thick bolts",,
BMK,Kampfmesser,NAHKAMPF,MESSER,Messer,"Militärisches Kampfmesser. Schwarze Klinge mit Clip-Point-Spitze, Gummigriff.","military combat knife, black clip-point blade, rubber grip",ja,"Messer, schnell, Rückentreffer"
M7,M7 Bajonett,NAHKAMPF,MESSER,Bajonett,"M7-Bajonett. Phosphatierte Stahlklinge, gerippter schwarzer Griff, Mündungsring.","M7 bayonet, parkerized steel blade, ribbed black grip, muzzle ring",,
THIEF_STICK,Diebes-Dolch,NAHKAMPF,MESSER,Event-Dolch,Gebogener Diebesdolch mit lederumwickeltem Griff und kleinem grünem Edelstein.,curved thief dagger with a wrapped leather grip and small green gem,,
WRENCH,Schraubenschlüssel,NAHKAMPF,WERKZEUG,Werkzeug,"Großer Gabelschlüssel aus Stahl. Verchromt, abgenutzter roter Gummigriff.","large steel open-end wrench, chrome finish, worn red rubber handle",ja,"Werkzeug, mittlere Reichweite"
PIPE_WRENCH,Rohrzange,NAHKAMPF,WERKZEUG,Werkzeug,Schwere rote Rohrzange mit Stahlbacken.,heavy red pipe wrench with steel jaws,,
BILLY_CLUB,Schlagstock,NAHKAMPF,WERKZEUG,Knüppel,Polizei-Schlagstock aus schwarzem Hartholz mit Lederschlaufe.,"police baton, black hardwood with leather wrist strap",,
FRYPAN,Bratpfanne,NAHKAMPF,WERKZEUG,Event,"Gusseiserne Bratpfanne. Verbeulte schwarze Pfanne, Holzgriff.",cast-iron frying pan with a dented black pan and wooden handle,,
XMASWINEBOTTLE,Weinflasche,NAHKAMPF,WERKZEUG,Event,Grüne Weinflasche aus Glas mit festlicher roter Schleife und Korken.,green glass wine bottle with a festive red ribbon and cork,,
XMAS_STICK01,Zuckerstange,NAHKAMPF,WERKZEUG,Weihnachts-Stick,Riesige rot-weiße Zuckerstange.,giant red and white candy cane,,
XMAS_STICK02,Christbaum-Stick,NAHKAMPF,WERKZEUG,Weihnachts-Stick,Kleiner geschmückter Weihnachtsbaum auf einem Holzgriff.,small decorated Christmas tree on a wooden handle,,
XMAS_STICK03,Lebkuchen-Stick,NAHKAMPF,WERKZEUG,Weihnachts-Stick,Riesiger Lebkuchenmann am Stiel mit Zuckerguss.,giant gingerbread man on a stick with icing details,,
WINTER_STICK01,Eiszapfen,NAHKAMPF,WERKZEUG,Winter-Stick,Spitzer blauer Eiszapfen-Knüppel mit Frost.,sharp blue ice icicle club with frost details,,
WINTER_STICK02,Schneeschaufel,NAHKAMPF,WERKZEUG,Winter-Stick,Rote Schneeschaufel mit Holzstiel.,red snow shovel with a wooden handle,,
VALENTINESTICK,Herz-Stick,NAHKAMPF,WERKZEUG,Valentins-Stick,Rosa Hammer in Herzform an einem weißen Stiel.,pink heart-shaped mallet on a white handle,,
EVENT19_STICK,Event-Stick 19,NAHKAMPF,WERKZEUG,Event-Stick,Festlicher Event-Stab mit bunten Bändern und Stern oben.,festive event baton with colorful ribbons and a star on top,,
EASTER02_STICK,Oster-Stick,NAHKAMPF,WERKZEUG,Oster-Stick,Riesige Karotte mit grünem Laub als Keule.,giant carrot club with green leaves,,
WAL01_STICK,Halloween-Stick 1,NAHKAMPF,WERKZEUG,Halloween-Stick,Hexenbesen mit verdrehtem Holzstiel.,witch broom with twisted wooden handle,,
WAL02_STICK,Halloween-Stick 2,NAHKAMPF,WERKZEUG,Halloween-Stick,Gruselige Knochenkeule mit kleinem Schädel am Ende.,spooky bone club with a small skull at the end,,
ARCHER_STICK,Bogenschützen-Stick,NAHKAMPF,WERKZEUG,Fantasy-Stick,Elfisches Kurzschwert mit blattförmiger Klinge.,elven short sword with leaf-shaped blade,,
MAGE_STICK,Magier-Stick,NAHKAMPF,WERKZEUG,Fantasy-Stick,Kurzer Zauberstab mit lila Kristallspitze.,short magic wand with a purple crystal tip,,
KING_STICK,Königs-Zepter,NAHKAMPF,WERKZEUG,Fantasy-Stick,Goldenes Königszepter mit rotem Juwel und Krone oben.,golden royal scepter with a red jewel and crown top,,
PRINCESS_STICK,Prinzessinnen-Stab,NAHKAMPF,WERKZEUG,Fantasy-Stick,Rosa Prinzessinnenstab mit Herz und funkelndem Stern.,pink princess wand with a heart and sparkling star,,
WATERSTICK,Wasser-Stick,NAHKAMPF,WERKZEUG,Sommer-Stick,"Aufblasbare Poolnudel als Keule, knallblau.","inflatable pool noodle club, bright blue",,
SUM02STICK,Sommer-Stick,NAHKAMPF,WERKZEUG,Sommer-Stick,"Aufblasbare Palme als Keule, grün und gelb.","inflatable palm tree club, green and yellow",,
SUMMER_WATER_STICK02,Wasser-Stick 2,NAHKAMPF,WERKZEUG,Sommer-Stick,"Aufblasbarer Hai als Keule, grau und weiß.","inflatable shark club, grey and white",,
W_INDEPENDENCE_STICK,Independence-Stick,NAHKAMPF,WERKZEUG,Event-Stick,Patriotischer Stab mit Sternen und Streifen und kleiner Flagge.,patriotic baton with stars and stripes and a small flag,,
YD_STICK,YD-Stick,NAHKAMPF,WERKZEUG,Event-Stick,Verzierte Holzkeule mit aufgemalten Mustern.,decorated wooden event club with painted patterns,,
DRAGON_STICK,Drachen-Stick,NAHKAMPF,WERKZEUG,Fantasy-Stick,Schwert aus Drachenknochen mit geschupptem Griff.,dragon bone sword with scale-textured grip,,
CENTAURUS_STICK,Centaurus-Stick,NAHKAMPF,WERKZEUG,Fantasy-Stick,Bronzene Speerkeule mit Pferdekopf als Knauf.,bronze spear-club with a horse head pommel,,
DARKKNIGHT_STICK,Dunkelritter-Stick,NAHKAMPF,WERKZEUG,Fantasy-Stick,Schwarzes Ritter-Bihänderschwert mit roten Runen.,black knight greatsword with red runes,,
GRIFFON_STICK,Greifen-Stick,NAHKAMPF,WERKZEUG,Fantasy-Stick,Goldener Säbel mit Handschutz in Form von Greifenflügeln.,golden saber with griffon wing guard,,
ORC_STICK,Ork-Stick,NAHKAMPF,WERKZEUG,Fantasy-Stick,Grobes Ork-Hackmesser mit Stachel-Holzgriff.,crude orc cleaver with a spiked wooden handle,,
WARLOCK_STICK,Hexer-Stick,NAHKAMPF,WERKZEUG,Fantasy-Stick,Hexerstab mit grün leuchtendem Schädel.,warlock rod with a green glowing skull,,
FRENCH_COSTUME_STICK,Französischer Säbel,NAHKAMPF,WERKZEUG,Kostüm-Stick,"Baguette-Keule mit Band in Blau, Weiß und Rot.",french baguette club with a red-white-blue ribbon,,
LOLLIPOP_STICK,Lutscher,NAHKAMPF,WERKZEUG,Event-Stick,Riesiger Spirallutscher in Regenbogenfarben.,giant swirl lollipop in rainbow colors,,
BAMBUSOIDEAE_STICK,Bambus-Stick,NAHKAMPF,WERKZEUG,Event-Stick,Grüner Bambusstab mit Blättern.,green bamboo staff with leaves,,
ROSE_STICK,Rosen-Stick,NAHKAMPF,WERKZEUG,Event-Stick,Langstielige rote Rose mit Dornen.,long-stemmed red rose with thorns,,
DEVILSTICK,Teufels-Stick,NAHKAMPF,WERKZEUG,Halloween-Stick,Roter Teufels-Dreizack.,red devil pitchfork,,
PUMPKINSTICK,Kürbis-Stick,NAHKAMPF,WERKZEUG,Halloween-Stick,Kürbislaternen-Streitkolben an einem Holzstiel.,jack-o-lantern mace on a wooden handle,,
SKULLSTICK,Schädel-Stick,NAHKAMPF,WERKZEUG,Halloween-Stick,Knochenzepter mit Schädel oben.,skull-topped bone scepter,,
PSYCHOPATH_STICK,Psychopath-Stick,NAHKAMPF,WERKZEUG,Halloween-Stick,"Rostiges Hackbeil mit Klebeband am Griff, comicartig statt blutig.","rusty meat cleaver with a taped handle, cartoonish not gory",,
TOY_HAMMER,Spielzeughammer,NAHKAMPF,SCHWER,Squeak-Hammer,Übergroßer rot-gelber Quietsch-Spielzeughammer aus Kunststoff.,oversized red and yellow plastic toy squeaky hammer,,
TOYHAMMER_BLUE,Spielzeughammer (Blau),NAHKAMPF,SCHWER,Squeak-Hammer,Übergroßer blau-weißer Quietsch-Spielzeughammer aus Kunststoff.,oversized blue and white plastic toy squeaky hammer,,
EVENT_HAMMER,Event-Hammer,NAHKAMPF,SCHWER,Event-Hammer,Festlicher übergroßer Hammer mit buntem Konfetti-Muster.,festive oversized mallet with colorful confetti pattern,,
CONTEST_HAMMER,Turnier-Hammer,NAHKAMPF,SCHWER,Trophäen-Hammer,Goldener Trophäen-Kriegshammer mit Lorbeer-Gravuren.,golden trophy war hammer with laurel engravings,,
FIELD_SHOVEL,Feldspaten,NAHKAMPF,SCHWER,Spaten,"Militärischer Klappspaten. Olivgrünes Stahlblatt, Holzstiel.","military folding field shovel, olive drab steel blade, wooden handle",ja,"Schwere Nahkampfwaffe, breiter Schwung, Brick-Schaden"
KNIGHT_STICK,Ritterschwert,NAHKAMPF,SCHWER,Fantasy-Schwert,Mittelalterliches Ritter-Langschwert mit Parierstange und lederumwickeltem Griff.,medieval knight longsword with crossguard and leather-wrapped grip,,
REAPER_STICK,Sense,NAHKAMPF,SCHWER,Halloween-Sense,Sense des Sensenmanns mit langer gebogener Klinge und dunklem Holzstiel.,grim reaper scythe with a long curved blade and dark wooden shaft,,
LIGHT_SAVER,Lichtschwert,NAHKAMPF,ENERGIE,Energieklinge,Energieschwert mit blau leuchtender Plasmaklinge und Metallgriff.,energy sword with a glowing blue plasma blade and metal hilt,,
LIGHT_SAVER_R,Lichtschwert (Rot),NAHKAMPF,ENERGIE,Energieklinge,Energieschwert mit rot leuchtender Plasmaklinge und dunklem Metallgriff.,energy sword with a glowing red plasma blade and dark metal hilt,,
GRENADE,Granate,GRANATE,SPLITTER,Splittergranate,Runde olivgrüne Splitterhandgranate mit Sicherungsbügel und Abzugsring.,round olive-green fragmentation hand grenade with spoon lever and pull ring,ja,"Zeitzünder, Splitterschaden"
KG400,KG-400,GRANATE,SPLITTER,Splittergranate,"Moderne ovale Splittergranate, dunkelgrau mit gelbem Markierungsband.","modern oval fragmentation grenade, dark grey body, yellow marking band",,
KG440,KGS-440,GRANATE,SPLITTER,Große Splittergranate,"Große zylindrische Sprenggranate, oliv mit aufgesprühten Streifen.","large cylindrical high-explosive grenade, olive drab with stenciled stripes",,
WATERBOMB,Wasserbombe,GRANATE,SPLITTER,Wasser-Event,Blaue Wasserbombe mit Knoten.,blue water balloon tied with a knot,,
XMASBOMB01,Christbaumkugel-Bombe,GRANATE,SPLITTER,Weihnachts-Event,Glänzend rote Christbaumkugel mit Zündschnur oben.,shiny red Christmas ornament bauble with a fuse on top,,
XMASBOMB02,Geschenk-Bombe,GRANATE,SPLITTER,Weihnachts-Event,Kleines verpacktes Geschenk mit Schleife und brennender Zündschnur.,small wrapped gift box with a ribbon bow and a lit fuse,,
DEVILBOMB,Teufels-Bombe,GRANATE,SPLITTER,Halloween-Event,Runde rote Bombe mit Teufelshörnern und einer Zündschnur als Schwanz.,round red bomb with devil horns and a tail fuse,,
PUMPKINBOMB,Kürbis-Bombe,GRANATE,SPLITTER,Halloween-Event,Kürbislaternen-Bombe mit dem Stiel als Zündschnur.,jack-o-lantern pumpkin bomb with a stem fuse,,
EGGBOMB,Oster-Bombe,GRANATE,SPLITTER,Oster-Event,Bemaltes Osterei mit bunten Streifen und Zündschnur.,painted easter egg bomb with colorful stripes and a fuse,,
CARROT_BOMB,Karotten-Bombe,GRANATE,SPLITTER,Event,Granate in Karottenform mit blättrigem Abzugsring.,carrot-shaped grenade with leafy pull ring,,
CACTUS_BOMB,Kaktus-Bombe,GRANATE,SPLITTER,Western-Event,Kleiner Kaktus im Topf mit Zündschnur.,small potted cactus bomb with a fuse,,
PSYCHOPATH_BOMB,Psychopath-Bombe,GRANATE,SPLITTER,Halloween-Event,Comicartiges Glas voll grünem Schleim mit Zündschnur-Deckel.,cartoon jar of mysterious green goo with a fuse lid,,
S3_BOMB01,Saison-Bombe 1,GRANATE,SPLITTER,Event,Klassische schwarze Comic-Bombe mit weißem Totenkopf-Etikett und Zündschnur.,classic black cartoon bomb with a white skull label and fuse,,
S3_BOMB02,Saison-Bombe 2,GRANATE,SPLITTER,Event,Klassische schwarze Comic-Bombe mit goldenem Stern-Etikett und Zündschnur.,classic black cartoon bomb with a gold star label and fuse,,
SPACEBOMB_SPECIAL,Weltraum-Bombe,GRANATE,SPLITTER,Sci-Fi-Event,Sci-Fi-Plasmagranate. Silberne Kugel mit cyan leuchtenden Ringen.,"sci-fi plasma grenade, silver sphere with glowing cyan rings",,
CLOCKBOMB,Zeitbombe,GRANATE,ZEITBOMBE,Zeitzünder,Zeitbombe: Bündel roter Dynamitstangen mit analogem Wecker und Kabeln.,time bomb: bundle of red dynamite sticks with an analog alarm clock and wires,ja,"Platzieren, haftet, großer Brick-Schaden"
TNT_BOMB,TNT,GRANATE,ZEITBOMBE,Zeitzünder,Holzkiste voller TNT mit Schablonenschrift und langer Zündschnur.,wooden crate of TNT with stenciled letters and a long fuse,,
SENSBOMB,Sensorbombe,GRANATE,SENSOR,Annäherungsmine,Flache Annäherungsmine. Graue Metallscheibe mit blinkendem rotem Sensorlicht.,"flat proximity mine, grey metal disc with a blinking red sensor light",ja,Annäherungsmine
REMOCON_SPECIAL,Fernzünder,GRANATE,FERNZUENDER,Fernzündung,Fernzünder mit Antenne und rotem Druckknopf.,remote detonator with an antenna and a red push button,ja,Fernzündung per zweitem Klick
RIG_BOMB_SPECIAL,Rig-Bombe,GRANATE,FERNZUENDER,Fernzündung,Haftladung mit blinkendem Empfänger und Antenne.,sticky explosive charge pack with a blinking receiver and antenna,,
FLASHBANG,Blendgranate,GRANATE,BLEND,Blendgranate,"Zylindrische Blendgranate, hellgrau mit Lochmuster und Abzugsring.","cylindrical stun grenade, light grey with perforated holes and pull ring",ja,Blendung
FLASH_SPECIAL,Blendgranate Spezial,GRANATE,BLEND,Blendgranate,"Sonder-Blendgranate, weiß mit blauem Streifen und Lochmuster.","special-edition stun grenade, white body with blue stripe and perforated holes",,
SMOKE,Rauchgranate,GRANATE,RAUCH,Rauchgranate,Zylindrische Rauchgranate. Grüngraue Dose mit Sicherungsbügel und Schablonen-Aufschrift.,"cylindrical smoke grenade, green-grey can with spoon lever and stenciled label",ja,Sichtschutz
POISON,Giftgranate,GRANATE,GIFT,Giftgranate,"Giftgasgranate. Grüner Glaskanister mit Warnring, comicartig.","toxic gas grenade, green glass canister with a hazard ring, cartoonish",ja,Schaden über Zeit in einer Wolke
REDDOT,Rotpunkt,VISIER,VISIER,1.3x Reflexvisier,Kompaktes Rotpunkt-Reflexvisier mit Röhrengehäuse und Schienenmontage.,compact red dot reflex sight with a tube body and rail mount,ja,Visier der M4
HOLO,Holo-Visier,VISIER,VISIER,1.5x Holografisch,Holografisches Visier mit rechteckigem Fenster und Schienenmontage.,holographic weapon sight with a rectangular window and rail mount,ja,Visier der SCAR-H
ACOG2,Zielfernrohr 2x,VISIER,VISIER,2x Optik,Kurzes 2x-Prismen-Zielfernrohr mit Schienenmontage.,short 2x prism rifle scope with rail mount,ja,Visier der K11
ACOG4,Zielfernrohr 4x,VISIER,VISIER,4x Optik,4x-Kampfoptik im ACOG-Stil mit Lichtleiter oben.,4x ACOG-style combat optic with fiber-optic on top,,
SNIPER6,Sniper-Zielfernrohr 6x,VISIER,VISIER,6x Sniper,"6x-Sniper-Zielfernrohr. Mattschwarzes Rohr, Verstelltürme, Montageringe.","6x sniper scope, matte black tube, turrets, rings",,
SNIPER_2STUFEN,Sniper 4x/10x,VISIER,VISIER,Zweistufig,Variables 4–10x-Fernzielfernrohr mit großem Objektiv und verstellbaren Türmen.,variable 4-10x long-range sniper scope with large objective lens and adjustable turrets,ja,"Visier der AWM, zwei Zoomstufen"
ANTIMAT,Anti-Material 8x,VISIER,VISIER,8x schwer,Schweres 8x-Anti-Material-Zielfernrohr mit dickem Rohr und Sonnenblende.,heavy 8x anti-materiel scope with thick tube and sunshade,,
heal30,Heiltrank (klein),ITEM,CONSUMABLE,+30 HP,Kleine runde Glasflasche mit hellgrün leuchtender Flüssigkeit und Korken.,small round glass potion bottle with bright green glowing liquid and cork,,
heal50,Heiltrank (mittel),ITEM,CONSUMABLE,+50 HP,"Mittelgroße Glasflasche mit hellgrün leuchtender Flüssigkeit, Korken und Lederriemen.","medium glass potion bottle with bright green glowing liquid, cork and leather strap",ja,Heilung (klein und groß später als Größen-Varianten)
heal,Heiltrank (groß),ITEM,CONSUMABLE,+100 HP,"Große Glasflasche mit hellgrün leuchtender Flüssigkeit, Korken und goldenem Etikett.","large glass potion flask with bright green glowing liquid, cork and a golden label",,
auto_heal,Regenerations-Elixier,ITEM,CONSUMABLE,Passive Heilung,Hohe schlanke Phiole mit wirbelnder blassgrüner Flüssigkeit und Blatt-Emblem.,tall slim vial with swirling pale green liquid and a leaf emblem,ja,Passive Regeneration
speedup,Tempo-Trank,ITEM,CONSUMABLE,Laufen ×1.75,"Glasflasche mit elektrisch blauer, sprudelnder Flüssigkeit und Blitz-Etikett.",glass potion bottle with electric blue fizzy liquid and a lightning bolt label,ja,Tempo-Buff
armor_potion,Rüstungstrank,ITEM,CONSUMABLE,+25 Schild,Robuste Glasflasche mit goldgelber Flüssigkeit und kleinem Metallschild-Emblem.,sturdy glass potion with golden-yellow liquid and a small metal shield emblem,,
antidote,Gegengift,ITEM,CONSUMABLE,Heilt Gift und Blendung,Kleine Phiole mit milchig weißer Flüssigkeit und grünem Kreuz-Etikett.,small vial with milky white liquid and a green cross label,,
adrenaline,Adrenalin-Spritze,ITEM,CONSUMABLE,Keine Verlangsamung,Medizinischer Autoinjektor. Weiß mit roter Kappe und Herzschlag-Symbol.,"medical auto-injector pen, white with red cap and a heartbeat symbol",,
heartbeat_radar,Herzschlag-Sensor,ITEM,CONSUMABLE,Gegner auf Minimap,Handgerät zur Herzschlag-Ortung mit grünem Radarbildschirm.,handheld heartbeat sensor device with a green radar screen,ja,Gegner auf der Minimap
pistol_ammo,Munitionskiste Pistole,ITEM,CONSUMABLE,+2 Magazine,Kleine olivgrüne Munitionskiste mit Pistolenpatronen-Symbol.,small olive ammo box with a pistol cartridge symbol,,
submachine_ammo,Munitionskiste MP,ITEM,CONSUMABLE,+2 Magazine,Olivgrüne Munitionskiste mit MP-Magazin-Symbol.,olive ammo box with an SMG magazine symbol,,
assault_ammo,Munitionskiste Sturmgewehr,ITEM,CONSUMABLE,+2 Magazine,Olivgrüne Metall-Munitionsdose mit Gewehrpatronen-Symbol.,olive metal ammo can with a rifle cartridge symbol,ja,Munition nachfüllen (eine Kiste für alle Waffen reicht vorerst)
sniper_ammo,Munitionskiste Sniper,ITEM,CONSUMABLE,+2 Magazine,Lange olivgrüne Munitionskiste mit Symbol einer langen Gewehrpatrone.,long olive ammo case with a long rifle cartridge symbol,,
heavy_ammo,Munitionskiste Schwer,ITEM,CONSUMABLE,+1 Magazin,"Große olivgrüne Munitionskiste, aus der ein Patronengurt hängt.",large olive ammo crate with ammunition belt hanging out,,
grenade_ammo,Granaten-Nachschub,ITEM,CONSUMABLE,+1 Granate,Kleine Holzkiste mit zwei Handgranaten in Schaumstoff-Fächern.,small wooden crate with two hand grenades in foam slots,,
auto_reload,Auto-Nachladen,ITEM,CONSUMABLE,Passiv,Icon eines Magazins mit kreisförmigem Nachlade-Pfeil.,icon of a magazine with a circular reload arrow,ja,Automatisches Nachladen
respawn,Sofort-Respawn,ITEM,CONSUMABLE,Respawn sofort,Leuchtende Respawn-Marke: goldener Ring mit Pfeil nach oben.,"glowing respawn beacon token, golden ring with upward arrow",ja,Sofort-Respawn
just_respawn,Direkt-Respawn,ITEM,CONSUMABLE,Respawn automatisch,Leuchtende goldene Phönixfeder als Marke.,glowing golden phoenix feather token,,
PRJ_PISTOLE,Pistole,PROJEKTIL,PISTOLE,9×19 mm,"Kurzes, rundes 9-mm-Messinggeschoss mit kurzer warmweißer Leuchtspur.",short round-nose brass 9mm pistol bullet,ja,Pistole und MP
PRJ_MP,Maschinenpistole,PROJEKTIL,MP,9×19 mm,"Kurzes, rundes 9-mm-Messinggeschoss mit schwacher Leuchtspur.",short round-nose brass 9mm bullet with faint tracer,,
PRJ_STURMGEWEHR,Sturmgewehr,PROJEKTIL,STURMGEWEHR,5.56×45 mm,"Spitzes 5,56-mm-Messinggeschoss mit gelb-oranger Leuchtspur.",pointed brass 5.56mm rifle bullet with yellow-orange tracer,ja,"Sturmgewehr, Kampfgewehr, LMG"
PRJ_KAMPFGEWEHR,Kampfgewehr,PROJEKTIL,KAMPFGEWEHR,7.62×51 mm,"Langes spitzes 7,62-mm-Messinggeschoss mit heller Leuchtspur.",long pointed brass 7.62mm rifle bullet with bright tracer,,
PRJ_SCHARFSCHUETZE,Scharfschütze,PROJEKTIL,SCHARFSCHUETZE,.338 / .50 BMG,Langes schweres Sniper-Geschoss mit langer weißer Leuchtspur und Luftflimmern.,long heavy brass sniper bullet with long white tracer and air distortion,ja,Sniper
PRJ_SCHROTFLINTE,Schrotflinte,PROJEKTIL,SCHROTFLINTE,12 Gauge,Rote 12er-Schrotpatrone mit Messingboden und einem Schwarm kleiner Schrotkugeln.,red 12 gauge shotgun shell with brass head and a spray of small pellets,ja,Schrotflinte
PRJ_MG,Maschinengewehr,PROJEKTIL,MG,7.92×57 mm,Langes MG-Messinggeschoss mit rot-oranger Leuchtspur.,long brass machine gun bullet with red-orange tracer,ja,MG und Minigun
PRJ_LMG,Leichtes MG,PROJEKTIL,LMG,5.56 / .30-06,Spitzes Gewehrgeschoss mit gelber Leuchtspur.,pointed brass rifle bullet with yellow tracer,,
PRJ_MINIGUN,Minigun,PROJEKTIL,MINIGUN,7.62×51 mm,"Strom aus Messinggeschossen, der einen durchgehenden orangen Leuchtspurstrahl bildet.",stream of brass bullets forming a continuous orange tracer beam,,
PRJ_WERFER,Rakete,PROJEKTIL,WERFER,Rakete / 40 mm,"Olivgrüne Rakete mit Leitflossen, heller Antriebsflamme und grauer Rauchspur.","olive-green rocket with fins, bright exhaust flame and grey smoke trail",ja,Raketenwerfer
PRJ_ARMBRUST,Armbrustbolzen,PROJEKTIL,ARMBRUST,Bolzen,Armbrustbolzen mit Stahl-Jagdspitze und roter Befiederung.,crossbow bolt with steel broadhead tip and red fletching,ja,Armbrust
FX_MUZZLE_S,Mündungsfeuer S,FX,FX,"Pistole, MP","Kleines Mündungsfeuer von der Seite: dreizackiger Stern, warm gelb-weiß.","small muzzle flash, side view, three-pointed star burst, warm yellow-white",ja,"Pistole, MP"
FX_MUZZLE_M,Mündungsfeuer M,FX,FX,Gewehre,"Mittleres Mündungsfeuer von der Seite: Stern mit kurzen Flammenzungen, orange-gelb.","medium muzzle flash, side view, star burst with short flame tongues, orange-yellow",ja,Gewehre
FX_MUZZLE_L,Mündungsfeuer L,FX,FX,"Sniper, Schrot, MG","Großes Mündungsfeuer mit Rauchwolke, hell oranger Kern.","large muzzle flash with smoke puff, side view, bright orange core",ja,"Sniper, Schrotflinte, MG, Minigun"
FX_MUZZLE_XL,Mündungsfeuer XL,FX,FX,Minigun,"Drehender Ring aus Mündungsfeuern, sehr hell, orange-weiß.","rotating ring of muzzle flashes, very bright, orange-white",,
FX_SHELL,Hülsenauswurf,FX,FX,Alle Schusswaffen,"Ausgeworfene Messinghülsen, die durch die Luft wirbeln, in klein, mittel und groß.","ejected brass shell casings tumbling, small, medium and large sizes",ja,Hülsenauswurf aller Schusswaffen
FX_IMPACT_BRICK,Einschlag Brick,FX,FX,Brick-Oberfläche,Treffer auf einen Spielzeug-Brick: bunte Kunststoffsplitter und eine Staubwolke.,bullet impact on a plastic toy brick: chips of colored plastic and dust puff,ja,Treffer auf Bricks
FX_IMPACT_METAL,Einschlag Metall,FX,FX,Metall,Treffer auf Metall: helle Funken und kleine Rauchwolke.,bullet impact on metal: bright sparks and small smoke puff,ja,Treffer auf Metall
FX_IMPACT_GLASS,Einschlag Glas,FX,FX,Glas,Treffer auf Glas: Risse und fliegende Scherben.,bullet impact on glass: cracked glass shards flying,ja,Treffer auf zerstörbares Glas
FX_IMPACT_WOOD,Einschlag Holz,FX,FX,Holz,Treffer auf Holz: Splitter und Sägemehl.,bullet impact on wood: splinters and sawdust,,
FX_IMPACT_WATER,Einschlag Wasser,FX,FX,Wasser,Treffer auf Wasser: kleine Wassersäule und Tropfen.,bullet impact on water: small splash column and droplets,,
FX_IMPACT_PLAYER,Treffer Spieler,FX,FX,Spieler,"Treffer auf eine Figur: kurzer roter Funkenstoß, nicht blutig.","stylized hit effect on a character: short red spark burst, non-gory",ja,Treffer auf Spieler
FX_IMPACT_CHILD,Treffer Spieler (unter 12),FX,FX,Jugendversion,"Comic-Treffer: gelbe Sterne und weiße Funkel, kein Blut.","cartoon hit effect: yellow stars and white sparkles, no blood",,
FX_IMPACT_LUCKY,Glückstreffer,FX,FX,Lucky-Treffer,Goldener Sternenstoß mit Funkeln.,golden star burst with sparkles,,
FX_DECAL_HOLE,Einschussloch,FX,FX,Decal,"Einschussloch mit strahlenförmigen Rissen, in klein, mittel und groß.","bullet hole decal with radial cracks, sizes small, medium, large",ja,Einschusslöcher
FX_EXPLOSION,Explosion,FX,FX,"Granate, Rakete","Feurige Explosion mit Trümmern und Brick-Splittern, oranger Kern, dunkler Rauch.","fiery explosion with debris and toy brick fragments, orange core and dark smoke",ja,Alle Explosionen (Zeitbombe skaliert)
FX_EXPLOSION_C4,Große Explosion,FX,FX,"Zeitbombe, Fernzünder",Große Explosion mit Druckwellen-Ring und vielen Brick-Splittern.,large explosion with shockwave ring and many brick fragments,,
FX_FLASH,Blendblitz,FX,FX,Blendgranate,Blendend weißer Lichtblitz mit Linsenreflex.,blinding white flash burst with lens glare,ja,Blendgranate
FX_SMOKE,Rauchwolke,FX,FX,Rauchgranate,"Dichte, quellende grau-weiße Rauchwolke, als Schleife.","thick billowing grey-white smoke cloud, looping",ja,Rauchgranate
FX_POISON,Giftwolke,FX,FX,Giftgranate,"Giftgrüne Gaswolke mit Blasen, als Schleife.","toxic green gas cloud with bubbles, looping",ja,Giftgranate
FX_WATER_SPLASH,Wasserexplosion,FX,FX,Wasser-Event,Große Wasserbomben-Explosion mit Tropfen.,big water balloon splash with droplets,,
FX_SLASH_TRAIL,Schlag-Trail,FX,FX,Nahkampf,"Gebogene weiße Schlagspur, die ausblendet.","curved melee swing trail, white arc fading out",ja,Nahkampf-Schläge
FX_ENERGY_TRAIL,Energie-Trail,FX,FX,Lichtschwert,Leuchtende Plasma-Schlagspur in Blau und Rot.,"glowing plasma blade swing trail, blue and red variants",,
FX_HEAL,Heil-Effekt,FX,FX,Heiltränke,"Grüne Heilfunken, die spiralförmig um die Figur aufsteigen, mit Ring am Boden.","green healing sparkles rising in a spiral around a character, ring on the ground",ja,Heilung
FX_SPEED,Tempo-Effekt,FX,FX,Tempo-Trank,Blaue Tempo-Linien und Windstreifen.,blue speed lines and wind streaks,ja,Tempo-Buff
FX_SHIELD,Schild-Effekt,FX,FX,Rüstungstrank,"Goldene, durchscheinende Energiehülle um die Figur.",golden translucent energy shell around a character,,
FX_RADAR,Radar-Puls,FX,FX,Herzschlag-Sensor,Sich ausbreitender roter Radar-Pulsring.,expanding red radar pulse ring,ja,Herzschlag-Sensor
FX_SPAWN,Spawn-Blitz,FX,FX,Respawn,Senkrechter Lichtstrahl mit Funkeln beim Respawn.,vertical beam of light with sparkles for respawn,ja,Respawn
