id,name,gruppe,typ,groesse,slice,zustaende,motiv_en,verwendung,basis,name_en
frame_window,Fenster,Rahmen & Panels,nineslice,512x512,"64,64,64,64",eine Datei,"large near-black window panel (#0B0B0D) with a thin gold double border (#AE5F00 with #D4B55C light line), chamfered 45-degree corners, tiny gold rivet in each corner, very subtle dark hand-painted texture","Grundfläche der Plaza-HUB-Seiten (LOBBY bis KARRIERE), Einstellungen, TEAM-Seite, Bauplatz-Fenster (B), Ergebnis",ja,window panel frame
frame_dialog,Dialog,Rahmen & Panels,nineslice,512x384,"72,72,72,72",eine Datei,"dialog box: near-black center with a thick chunky golden-yellow beveled frame like the plates of the sheet, chamfered corners, corner rivets, darker bottom lip under the frame","Unterdialoge und Bestätigungen: KAUF BESTÄTIGEN, Passwort, Allein beitreten?, Bist du sicher?, Anzeige beibehalten?, Melden",ja,dialog box frame
panel_inset,Innenfläche,Rahmen & Panels,nineslice,128x128,"24,24,24,24",eine Datei,"recessed inner panel, slightly darker than the window (#0B0D0F), thin dark-gold hairline border, soft inner shadow along the top edge, chamfered corners","Listen, Beschreibungs-Panel rechts in den Einstellungen, Chat-Verlauf, Tabellen-Hintergrund",ja,recessed inner panel
card_item,Karte,Rahmen & Panels,nineslice,256x256,"40,40,40,40","normal, deaktiviert (hover/ausgewählt per Tint)","item card: near-black body with a thin gold border, chamfered corners, slightly lighter top inner bevel, two tiny rivets at the top corners","LADEN › Katalog/Empfohlen, SPIND › Inventar, ERSTELLEN › Map-Galerie, SPIELEN › Schnellspiel (Modus-Kacheln), Erfolge",ja,item card
plaque_title,Titel-Plakette,Rahmen & Panels,nineslice,384x96,"48,40,48,48",eine Datei,"small golden-yellow title plaque that sits on the top edge of a card, chamfered ends, bright top highlight, thick darker bottom lip, inner inset line, empty face","Kartentitel, Fenster-Titel, Ergebnis-Titelkarte, Abschnitts-Köpfe",ja,title plaque
frame_ornate,Prunkrahmen,Rahmen & Panels,nineslice,512x512,"128,128,128,128",eine Datei,"ornate legendary frame: near-black center, thin gold border with heavy L-shaped golden corner brackets with bevel and rivets, no decoration in the middle of the edges","Hauptgewinn im Glücksbrett, Rang-Aufstieg, Werkstatt-Erfolg, Clan des Monats (LOBBY-Karussell)",,ornate legendary frame
frame_ornate_crest,Prunkrahmen-Krone,Rahmen & Panels,sprite,128x96,,eine Datei,"small golden diamond crest ornament with a faceted center gem and short side flourishes, made to sit centered on the top edge of the ornate frame","Aufsatz für frame_ornate (Hauptgewinn, Rang-Aufstieg)",,ornate frame crest
frame_social_panel,Sozial-Panel,Rahmen & Panels,nineslice,512x1024,"64,96,32,64",eine Datei,"tall side panel that slides in from the right screen edge: near-black body, gold double border on the left, top and bottom edges, open flat right edge, slightly brighter header band at the top","Sozial-Panel rechts (Freunde, Party, Clan, Post, Plazas, Gesperrt); im Plaza-HUB, in B und A über das Esc-Menü",,social side panel frame
frame_dropdown_menu,System-Dropdown,Rahmen & Panels,nineslice,384x512,"40,48,40,40",eine Datei,"compact dropdown menu panel: near-black body with thin gold double border, small notch-free chamfered corners, a slightly thicker gold top edge where it hangs from a button",System-Knopf im Plaza-HUB: Einstellungen · Hilfe und Support · Fehler melden · Foto-Modus · Spiel beenden; auch Kontext-Popup Spieler-Aktionen,ja,system dropdown menu frame
frame_mode_card,Modus-Karte,Rahmen & Panels,nineslice,512x192,"64,56,64,56",eine Datei,"wide mode selection card: near-black body, thin gold double border, a chunky gold beveled strip along the left edge as a socket for the mode emblem, chamfered corners with rivets",LOBBY unten rechts über dem SPIELEN-Knopf (gewählter Modus/Kanal + WECHSELN),ja,game mode card frame
frame_party_slot,Party-Platz,Rahmen & Panels,sprite,256x384,,"normal, deaktiviert (leer/belegt per Inhalt)","tall empty party slot frame for a character figure: dark translucent body, thin gold dashed-looking double border, chamfered corners, a round gold plus button socket in the center with a bold dark brown plus glyph",LOBBY: leere Party-Plätze neben dem eigenen Charakter („+“ Freund einladen),,empty party slot with plus
tooltip_box,Tooltip,Rahmen & Panels,nineslice,256x128,"32,32,32,32",eine Datei,"small tooltip box: very dark panel (#0B0B0D) with a single thin gold border, tiny chamfered corners, no pointer arrow","Hover-Erklärungen in SPIND, LADEN, Einstellungen, Quoten",,tooltip box
sidebar_panel,Seitenleiste,Rahmen & Panels,nineslice,384x1024,"48,64,48,64",eine Datei,"tall vertical sidebar panel: near-black body, a single gold line with a darker bevel on the right edge, faint gold hairlines at top and bottom","TEAM-Seite (linke Liste der Rollen-Menüs), Bauplatz-Fenster (B) Seitenleiste",,vertical sidebar panel
bar_top_hub,Top-Leiste,Rahmen & Panels,nineslice,1024x128,"96,32,96,40",eine Datei,"full-width top bar: near-black strip with a gold double line along the bottom edge and a thick darker bottom lip, faint texture, flat ends","Plaza-HUB Top-Leiste: Logo, LB/RB, Reiter LOBBY bis KARRIERE, Währungen, Sozial, Glocke, Post, TEAM, Profil-Chip, System",ja,hub top bar
bar_footer_hub,Fußleiste,Rahmen & Panels,nineslice,1024x96,"96,40,96,24",eine Datei,"full-width bottom bar: near-black strip with a thin gold double line along the top edge, flat ends, very subtle texture",Plaza-HUB-Fußleiste: Tastenhinweise im Konsolen-Stil + Statuszeile; Einstellungen-Fußleiste,ja,hub footer bar
toast_plate,Toast,Rahmen & Panels,nineslice,512x128,"64,48,64,48",eine Datei (Teamfarbe/Status per Tint),"toast message plate: near-black body, thin gold border, a short chunky gold accent bar on the left edge, chamfered corners",Toast-Ebene über allen Menüs; Ablehnung mit Rot-Tint + Shake (Bau-Ablehnungen),ja,toast message plate
notif_card,Benachrichtigungskarte,Rahmen & Panels,nineslice,512x256,"64,64,64,64",eine Datei,"notification card: near-black body, gold double border, slightly brighter header band along the top edge, small rivets in the corners","Benachrichtigungen oben rechts: Party-Einladung mit Timer, Folgen-Karte, Bühnen-Banner, Support-Antwort; Glocke-Verlauf",,notification card
list_row,Listenzeile,Rahmen & Panels,nineslice,512x96,"32,32,32,32","normal, deaktiviert (hover/ausgewählt per Tint)","single list row: dark panel (#0B0D0F) with a thin dim-gold hairline border, small chamfered corners, flat empty center","SPIELEN › Server-Browser, Sozial-Panel (Freunde-Zeilen), Bestenlisten, Match-Verlauf, Post, TEAM-Listen",ja,list row plate
tile_slot,Item-Slot,Rahmen & Panels,nineslice,128x128,"32,32,32,32","normal, deaktiviert (hover/ausgewählt per Tint)","square item slot: recessed near-black square with a thin gold border and a soft inner shadow, chamfered corners","SPIND › Loadout, Hotbar, Brick-Leiste, Palette, Tägliche Belohnung, Werkstatt-Gems",ja,item slot
divider_gold,Trennlinie,Rahmen & Panels,nineslice,512x32,"64,0,64,0",eine Datei,"horizontal gold double divider line with small diamond-shaped ends, thin and crisp, centered vertically on a transparent strip","Abschnitte in Einstellungen, Karten, Ergebnis, Sozial-Panel",,gold divider line
frame_focus,Fokus-Ring,Rahmen & Panels,nineslice,128x128,"40,40,40,40",eine Datei,"glowing gold selection outline with chamfered corners and short bright corner brackets, completely transparent center, soft outer glow","Gamepad-Fokus und Fokus-Glühen (PadNavigator) auf allen Screens, ausgewählte Karte, Coachmarks der Einführung",,focus selection ring
esc_panel,Esc-Menü-Panel,Esc-Menü & Tab-Liste,nineslice,512x768,"64,96,64,64",eine Datei,"compact vertical menu panel: near-black body (#0B0B0D) with a gold double border, chamfered corners with rivets, a slightly thicker gold top edge, calm empty center","Kleines Esc-Menü in Match (M), Bauplatz (B) und Asset-Karte (A) über dem leicht geblurrten Spiel",ja,compact pause menu panel
esc_header,Esc-Menü-Kopfplatte,Esc-Menü & Tab-Liste,nineslice,512x112,"64,40,64,48",eine Datei,"header plate for a compact menu: golden-yellow beveled plate with chamfered corners, bright top highlight, inner inset line, thick darker bottom lip, empty face",Kopfzeile des Esc-Menüs: Ort/Modus (M: Modus · Map · Runde/Zeit · Stand),ja,pause menu header plate
esc_row,Menüzeile,Esc-Menü & Tab-Liste,nineslice,448x80,"40,24,40,24","normal, hover, deaktiviert (gedrückt per Tint)","menu row button: dark slim plate (#0B0D0F) with a thin dim-gold border and chamfered corners, a narrow gold marker notch at the left end, empty face","Esc-Menü-Einträge: ZURÜCK INS SPIEL, EINSTELLUNGEN, HILFE UND SUPPORT, FEHLER MELDEN, BAUPLATZ VERWALTEN, SOZIAL, FOTO-MODUS, ZUR PLAZA; auch System-Dropdown",ja,menu row button
esc_row_danger,Menüzeile rot,Esc-Menü & Tab-Liste,nineslice,448x80,"40,24,40,24","normal, hover","danger menu row button: dark slim plate with a thin deep-red (#7C1F17) border, chamfered corners, a narrow red marker notch at the left end, empty face","Esc-Menü: MATCH VERLASSEN, SPIEL BEENDEN; System-Dropdown: Spiel beenden",ja,red danger menu row button
tablist_frame,Tab-Liste-Rahmen,Esc-Menü & Tab-Liste,nineslice,1024x768,"64,96,64,64",eine Datei,"large semi-transparent near-black list panel with a gold double border, chamfered corners with rivets and a slightly brighter header band along the top","Tab-Liste in allen Modi (Plaza/Asset-Karte, Bauplatz, Match Team/Jeder gegen jeden, Verteidigung/Zombie), anheftbar",ja,player list frame
tablist_row,Tab-Listen-Zeile,Esc-Menü & Tab-Liste,nineslice,768x64,"32,16,32,16","normal, hover, deaktiviert (eigene Zeile per Gold-Tint)","slim player row plate: dark translucent strip with a thin dim-gold hairline border and small chamfered corners, empty face","Zeilen der Tab-Liste (Kennzeichen, Name, Rang, Party/Freund, Rolle, Spalten, Sprecher-Punkt, „•••“); deaktiviert = „(aus)“",ja,player list row plate
tablist_header_blue,Team-Kopf Blau,Esc-Menü & Tab-Liste,nineslice,512x96,"48,32,48,40",eine Datei,"team header plate: brightened steel-blue (#5C83A8 to #15406C) beveled plate with chamfered corners, lighter top highlight, darker bottom lip, thin gold outline, empty face","Tab-Liste Match: Score-Kopf Team Blau (ZIEL/PUNKTE/K/T/A/PING/RANG), Verteidigung",ja,blue team header plate
tablist_header_red,Team-Kopf Rot,Esc-Menü & Tab-Liste,nineslice,512x96,"48,32,48,40",eine Datei,"team header plate: brightened red (#AE4033 to #7C100B) beveled plate with chamfered corners, lighter top highlight, darker bottom lip, thin gold outline, empty face","Tab-Liste Match: Score-Kopf Team Rot, Zombie (Infiziert)",ja,red team header plate
medal_place_1,Platz-Medaille 1,Esc-Menü & Tab-Liste,sprite,96x96,,eine Datei,"small round gold medal with a beveled rim, short red ribbon tails and the embossed numeral ""1"" in dark brown","Tab-Liste Jeder gegen jeden (Platz), Bestenlisten Top 3, Ergebnis",,first place medal
medal_place_2,Platz-Medaille 2,Esc-Menü & Tab-Liste,sprite,96x96,,eine Datei,"small round silver medal with a beveled rim, short blue ribbon tails and the embossed numeral ""2"" in dark grey","Tab-Liste Jeder gegen jeden (Platz), Bestenlisten Top 3, Ergebnis",,second place medal
medal_place_3,Platz-Medaille 3,Esc-Menü & Tab-Liste,sprite,96x96,,eine Datei,"small round bronze medal with a beveled rim, short green ribbon tails and the embossed numeral ""3"" in dark brown","Tab-Liste Jeder gegen jeden (Platz), Bestenlisten Top 3, Ergebnis",,third place medal
speaker_dot,Sprecher-Punkt,Esc-Menü & Tab-Liste,sprite,32x32,,eine Datei,"small glowing green dot with a bright center, soft halo and a thin dark outline","Sprecher-Anzeige in Tab-Liste, Sozial-Panel, Spieler-Aktionen, Namensschild",,speaking indicator dot
btn_play_hero,SPIELEN-Knopf (Hero),Buttons,nineslice,768x192,"96,64,96,80","normal, deaktiviert (hover/gedrückt per Tint)","very large wide golden-yellow hero button plate, chunkier than the other plates: chamfered corners, thick dark-brown outline, bright top highlight, inner inset line, very thick darker bottom lip, corner rivets, faint inner glow, empty face",LOBBY unten rechts: großer SPIELEN-Knopf (startet Schnellstart → Such-Pille),ja,large hero play button plate
btn_gold_l,Platte gold groß,Buttons,nineslice,384x160,"56,48,56,64","normal, deaktiviert (hover/gedrückt per Tint)","large golden-yellow beveled button plate exactly like the big plates of the sheet: chamfered corners, thin dark-brown outline, bright top highlight, inner inset line, thick darker bottom lip, small corner rivets, empty face","Primäre Aktionen: SCHNELLSTART, KAUFEN, VERÖFFENTLICHEN, MATCH STARTEN, ZURÜCK INS SPIEL",,large gold button plate
btn_gold_m,Platte gold mittel,Buttons,nineslice,256x112,"44,36,44,48","normal, deaktiviert (hover/gedrückt per Tint)","medium golden-yellow beveled button plate like the middle column of the sheet: chamfered corners, thin dark-brown outline, bright top highlight, inner inset line, darker bottom lip, empty face","Standard-Knöpfe in allen Seiten und Dialogen (BEITRETEN, AUSRÜSTEN, ANNEHMEN, SENDEN)",ja,medium gold button plate
btn_gold_s,Platte gold klein,Buttons,nineslice,192x80,"32,28,32,36","normal, deaktiviert (hover/gedrückt per Tint)","small golden-yellow beveled button plate, same construction as the medium plate but compact: chamfered corners, dark-brown outline, top highlight, darker bottom lip, empty face","Zeilen-Knöpfe in Listen (EINLADEN, FLÜSTERN, FOLGEN, ZUSCHAUEN), Blättern",,small gold button plate
btn_dark_m,Platte dunkel (sekundär),Buttons,nineslice,256x112,"44,36,44,48","normal, deaktiviert (hover/gedrückt per Tint)","secondary button plate: near-black body with a thin gold double border, dark bevel and a dark bottom lip, same chamfered shape as the gold plates, empty face","Sekundäre Aktionen: ABBRECHEN, ZURÜCK, SCHLIESSEN, WECHSELN",ja,dark secondary button plate
btn_red_m,Platte rot (Gefahr),Buttons,nineslice,256x112,"44,36,44,48","normal, deaktiviert (hover/gedrückt per Tint)","danger button plate: deep red body (#7C1F17) with a lighter red top highlight, thin dark outline, inner inset line, darker red bottom lip, chamfered corners like the sheet's red squares, empty face","ENDGÜLTIG ZERLEGEN, CLAN AUFLÖSEN, SPERREN, Bestätigung „Spiel beenden?“",ja,red danger button plate
btn_icon_square,Icon-Knopf quadratisch,Buttons,sprite,128x128,,"normal, deaktiviert (hover/gedrückt per Tint)","empty square golden-yellow icon button like the icon buttons of the sheet: chamfered corners, dark-brown outline, bright top highlight, inner inset line, darker bottom lip, corner rivets, empty face for a glyph","Träger für alle Funktions-Icons: Glocke, Post, System, Kamera-Modi, Bau-Werkzeuge",ja,square icon button plate
btn_round,Rundknopf,Buttons,sprite,128x128,,"normal, deaktiviert (hover/gedrückt per Tint)","round golden-yellow button like a thick beveled coin: dark-brown outline, bright top highlight arc, inner inset ring, darker bottom lip, empty face","ReplayViewer (ABSPIELEN/PAUSE), Foto-Modus Auslöser, Lobby-Figur drehen",,round button plate
btn_close,Schließen-Knopf,Buttons,sprite,96x96,,"normal, deaktiviert (hover/gedrückt per Tint)","small square golden-yellow button with a bold dark brown X glyph, chamfered corners, beveled like the sheet's close button","Fenster und Dialoge oben rechts, Sozial-Panel, Benachrichtigungen",ja,close button
btn_back,Zurück-Knopf,Buttons,sprite,96x96,,"normal, deaktiviert (hover/gedrückt per Tint)","small square golden-yellow button with a bold dark brown left arrow glyph, chamfered corners, beveled like the sheet's arrow buttons","Unterdialoge, Detailansichten (ZUR LISTE), Clan- und Post-Seite",,back button
tab_active,Reiter aktiv,Buttons,nineslice,256x96,"48,32,48,16",eine Datei,"active tab: golden-yellow beveled tab with chamfered top corners and a flat bottom that merges into a gold baseline, bright top highlight, empty face","Plaza-HUB Top-Leiste (LOBBY bis KARRIERE), Unterreiter, Einstellungen-Kategorien, Sozial-Panel-Reiter",ja,active tab
tab_inactive,Reiter inaktiv,Buttons,nineslice,256x96,"48,32,48,16","normal, deaktiviert (hover/gedrückt per Tint)","inactive tab: near-black tab with a dim gold outline, chamfered top corners, flat bottom, no highlight, empty face","Plaza-HUB Top-Leiste, Unterreiter, Einstellungen-Kategorien, Sozial-Panel-Reiter",ja,inactive tab
tab_underline,Reiter-Unterstrich,Buttons,nineslice,256x16,"32,0,32,0",eine Datei,"short glowing gold underline bar with tapered ends and a bright core, on a transparent strip",Gleitender Unterstrich beim Reiterwechsel,,tab underline bar
chip_on,Chip aktiv,Buttons,nineslice,128x56,"28,20,28,20","normal, deaktiviert (hover/gedrückt per Tint)","small selected filter chip: golden-yellow pill with chamfered ends, dark-brown outline, top highlight and a thin darker bottom lip, empty face","Filter und Segmente: Kanäle, LAUFZEIT, Waffen-Filter, Sortierung Map-Galerie, Post Eingang/Ausgang",ja,selected filter chip
chip_off,Chip inaktiv,Buttons,nineslice,128x56,"28,20,28,20","normal, deaktiviert (hover/gedrückt per Tint)","small unselected filter chip: near-black pill with a thin gold outline and chamfered ends, empty face",Filter und Segmente (siehe chip_on),ja,unselected filter chip
pill_resource,Ressourcen-Pille,Buttons,nineslice,320x72,"72,24,40,24",eine Datei,"currency pill like the resource bars of the sheet: dark recessed track with a gold border, the left end is a round gold socket for a currency icon, flat empty middle",Plaza-HUB Top-Leiste: Kristalle · Splitter · Brix; LADEN-Kopf; KARRIERE › Profil,ja,currency pill
pill_search,Such-Pille,Buttons,nineslice,320x72,"40,24,40,24",eine Datei,"glowing search pill: golden-yellow rounded pill plate with chamfered ends, soft outer glow, dark-brown outline, empty face","Plaza-HUB Top-Leiste während Schnellstart/Gewertet (Timer + ABBRECHEN), pulsiert",,matchmaking search pill
btn_plus,Plus-Knopf,Buttons,sprite,72x72,,"normal, deaktiviert (hover/gedrückt per Tint)","small square golden-yellow plus button like the ones at the end of the sheet's resource bars, bold dark brown plus glyph, chamfered corners","Ressourcen-Pillen (Kristalle kaufen → LADEN), Party-Platz einladen, Slots anlegen",,small plus button
badge_counter,Zähler-Badge,Buttons,nineslice,64x64,"28,28,28,28",eine Datei,"small round red counter badge (#C71E15) with a thin dark outline and a light top highlight, empty center for a number","Zähler auf Reitern, Glocke, Post „99+“, Sozial-Knopf, Tägliche Belohnung",ja,red counter badge
badge_tag,Etikett,Buttons,nineslice,128x48,"24,16,24,16",eine Datei (Teamfarbe/Status per Tint),"small golden ribbon tag with notched right end, top highlight, dark-brown outline, empty face","Etiketten NEU, BALD (mit Schloss), BESITZ, AKTIV, -n %, HALL OF FAME",,small ribbon tag
key_plate,Taste (Tastatur),Tastenhinweise,nineslice,64x64,"20,16,20,24",eine Datei,"keyboard key cap plate: near-black key with a thin gold border, beveled top face, darker bottom lip, chamfered corners, empty face for a key label","Fußleiste (Esc, Q/E, Enter), [E]-Hinweis im HUD, Tastenbelegung, LB/RB-Hinweis bei Tastatur, Bau-HUD-Tasten",ja,keyboard key plate
pad_a,Pad-Knopf A,Tastenhinweise,sprite,64x64,,eine Datei,"round gamepad face button in dark green with a gold rim and bevel, the single letter ""A"" embossed in light cream in the center","Fußleiste „Auswählen“, Popups, Lobby SPIELEN",,gamepad A button
pad_b,Pad-Knopf B,Tastenhinweise,sprite,64x64,,eine Datei,"round gamepad face button in dark red with a gold rim and bevel, the single letter ""B"" embossed in light cream in the center",Fußleiste „Zurück“,,gamepad B button
pad_x,Pad-Knopf X,Tastenhinweise,sprite,64x64,,eine Datei,"round gamepad face button in dark blue with a gold rim and bevel, the single letter ""X"" embossed in light cream in the center","Fußleiste Kontextaktionen (z. B. Bauvorlagen, Details)",,gamepad X button
pad_y,Pad-Knopf Y,Tastenhinweise,sprite,64x64,,eine Datei,"round gamepad face button in dark amber with a gold rim and bevel, the single letter ""Y"" embossed in light cream in the center",Fußleiste „Sozial“ (öffnet das Sozial-Panel im Plaza-HUB),,gamepad Y button
pad_lb,Pad-Schulter LB,Tastenhinweise,sprite,96x48,,eine Datei,"gamepad left bumper shaped plate: dark rounded trapezoid with a gold rim and bevel, the letters ""LB"" embossed in light cream",Plaza-HUB Top-Leiste links neben den Reitern (Reiter wechseln),,gamepad left bumper plate
pad_rb,Pad-Schulter RB,Tastenhinweise,sprite,96x48,,eine Datei,"gamepad right bumper shaped plate: dark rounded trapezoid with a gold rim and bevel, the letters ""RB"" embossed in light cream",Plaza-HUB Top-Leiste rechts neben den Reitern (Reiter wechseln),,gamepad right bumper plate
input_text,Textfeld,Eingaben,nineslice,256x72,"24,24,24,24","normal, deaktiviert (hover/gedrückt per Tint)","text input field: recessed near-black field with a thin gold border and a soft inner shadow along the top, small chamfered corners, empty","Chat, Suche, Post, Support-Ticket, Raum erstellen, Clan gründen, Mitbauer, Passwort",ja,text input field
input_search,Suchfeld,Eingaben,nineslice,320x72,"72,24,24,24","normal, deaktiviert (hover/gedrückt per Tint)","search field: recessed near-black field with a thin gold border, a small dark-gold magnifier glyph inside the left end, empty middle","Palette, Map-Galerie, Server-Browser, TEAM › Spieler, Freunde suchen",,search field
dropdown,Dropdown,Eingaben,nineslice,320x72,"24,24,72,24","normal, deaktiviert (hover/gedrückt per Tint)","dropdown select box: near-black field with a thin gold border, a small gold chevron-down in a separated cell at the right end, empty middle","Einstellungen (Auflösung, Qualität, Sprache, UI-Größe), Modus-Auswahl, Raum erstellen",ja,dropdown select box
slider_track,Slider-Spur,Eingaben,nineslice,512x32,"16,12,16,12","normal, deaktiviert (hover/gedrückt per Tint)",horizontal slider track like the sheet's slider: dark recessed groove with a gold outline and rounded-chamfered ends,"Einstellungen (Lautstärke, Empfindlichkeit, Sichtfeld), Foto-Modus, Preis-Regler, Spieler-Lautstärke",ja,slider track
slider_fill,Slider-Füllung,Eingaben,nineslice,512x32,"16,12,16,12","normal, deaktiviert (hover/gedrückt per Tint)","slider fill bar: golden-yellow beveled strip with a bright top highlight and a darker bottom edge, fits inside the slider track",Gefüllter Teil aller Slider,ja,slider fill bar
slider_knob,Slider-Knopf,Eingaben,sprite,64x80,,"normal, deaktiviert (hover/gedrückt per Tint)","slider knob like the sheet: chunky square golden-yellow handle, chamfered corners, dark-brown outline, top highlight, darker bottom lip",Alle Slider,ja,slider knob
slider_node,Stufen-Knoten,Eingaben,sprite,32x48,,"normal, deaktiviert (hover/gedrückt per Tint)","small golden node for a stepped slider: compact rounded-square gold block with outline and bevel, as on the sheet's stepped slider","Stufen-Slider: Qualitätsstufe, Texturfilter, Teamgröße, Spieleranzahl",,stepped slider node
stepper_left,Stepper links,Eingaben,sprite,64x64,,"normal, deaktiviert (hover/gedrückt per Tint)","small square golden-yellow button with a bold dark brown left-pointing chevron, chamfered corners, beveled","Stepper „< Wert >“: RAUM ÄNDERN, Aussehen (Variante), Einstellungen",,stepper left arrow button
stepper_right,Stepper rechts,Eingaben,sprite,64x64,,"normal, deaktiviert (hover/gedrückt per Tint)","small square golden-yellow button with a bold dark brown right-pointing chevron, chamfered corners, beveled",Stepper „< Wert >“ (siehe stepper_left),,stepper right arrow button
toggle_track_on,Schalter-Spur an,Eingaben,sprite,128x64,,"normal, deaktiviert (an/aus als eigene Dateien)",toggle switch track in the ON state without knob: dark green (#192F01) recessed pill with a gold border and chamfered ends,"Einstellungen (VSync, Bloom …), PARTY FOLGEN, In der Galerie teilen",ja,toggle track in the on state
toggle_track_off,Schalter-Spur aus,Eingaben,sprite,128x64,,"normal, deaktiviert (an/aus als eigene Dateien)",toggle switch track in the OFF state without knob: near-black recessed pill with a gold border and chamfered ends,"Einstellungen, Schalter überall",ja,toggle track in the off state
toggle_knob,Schalter-Knopf,Eingaben,sprite,56x56,,"normal, deaktiviert (hover/gedrückt per Tint)","toggle switch knob: chunky golden-yellow rounded square with dark-brown outline, top highlight and darker bottom lip",Schalter (gleitet mit Overshoot),ja,toggle knob
checkbox_on,Checkbox an,Eingaben,sprite,64x64,,"normal, deaktiviert (an/aus als eigene Dateien)",checked checkbox like the sheet: near-black square with a gold beveled border and a bold golden check mark inside,"Einstellungen, Melden (Gründe), Filter",ja,checked checkbox
checkbox_off,Checkbox aus,Eingaben,sprite,64x64,,"normal, deaktiviert (an/aus als eigene Dateien)","empty checkbox like the sheet: near-black square with a gold beveled border, chamfered corners","Einstellungen, Melden, Filter",ja,empty checkbox
radio_on,Radio an,Eingaben,sprite,64x64,,"normal, deaktiviert (an/aus als eigene Dateien)",selected radio button: round near-black socket with a gold beveled ring and a glowing golden dot in the center,"Einzelauswahl: Melden (WAS MELDEST DU?), Vorlage/Material, Sprachchat-Modus",,selected radio button
radio_off,Radio aus,Eingaben,sprite,64x64,,"normal, deaktiviert (an/aus als eigene Dateien)","unselected radio button: round near-black socket with a gold beveled ring, empty center",Einzelauswahl (siehe radio_on),,unselected radio button
scrollbar_thumb,Scrollbalken-Griff,Eingaben,nineslice,32x128,"12,24,12,24",eine Datei,vertical scrollbar thumb: slim golden-yellow beveled bar with rounded-chamfered ends and top highlight,Alle scrollbaren Listen und Seiten,,scrollbar thumb
bar_track,Balken-Spur,Balken & Fortschritt,nineslice,512x48,"24,16,24,16",eine Datei,"progress bar frame like the sheet: dark recessed track with a thick gold border and chamfered ends, empty inside","Alle Fortschrittsbalken: XP, Tagesmissionen, Mastery, Clan-Stufe, Ladebildschirm, Gesundheit",ja,progress bar frame
bar_fill_gold,Füllung gold,Balken & Fortschritt,nineslice,512x32,"16,8,16,8",eine Datei,"progress fill: golden-yellow beveled strip with bright top highlight and slightly darker bottom edge, flat ends","Fortschritt allgemein, Tagesmissionen, Ladebildschirm, Clan-Stufe",ja,gold progress fill
bar_fill_xp,Füllung XP,Balken & Fortschritt,nineslice,512x32,"16,8,16,8",eine Datei,experience bar fill: warm orange-gold gradient strip with a bright highlight line and faint diagonal sheen stripes,"XP-Balken im Profil, Ergebnis-Sequenz (Rangbalken), Profil-Chip",,experience bar fill
bar_fill_hp,Füllung Gesundheit,Balken & Fortschritt,nineslice,512x32,"16,8,16,8",eine Datei,health bar fill: saturated red (#D93233) strip with a lighter top highlight and darker bottom edge,"Kampf-HUD unten links in hud_hp_frame (100 HP, pulsiert rot bei ≤ 25 %), Boss-, Kern- und Monster-Leisten",ja,health bar fill
bar_fill_armor,Füllung Rüstung,Balken & Fortschritt,nineslice,512x32,"16,8,16,8",eine Datei,armor bar fill: steel-blue (#1D7DBD) strip with a lighter top highlight and darker bottom edge,Kampf-HUD unten links in hud_armor_frame (über der Gesundheit),ja,armor bar fill
bar_segment,Balken-Segment,Balken & Fortschritt,sprite,64x32,,"normal, deaktiviert (leer per Tint)",single segment cell of a segmented bar: small golden-yellow beveled block with chamfered corners and top highlight,"Segmentierte Balken: Werkstatt-Stufen, Mastery-Stufen, Serie der Täglichen Belohnung",,segmented bar cell
ring_track,Ring-Spur,Balken & Fortschritt,sprite,128x128,,eine Datei,"circular ring track: dark recessed ring with thin gold inner and outer edges, transparent center","Timer-Ring auf Benachrichtigungen, XP-Ring am Profil-Chip, Abklingzeit",,ring track
ring_fill,Ring-Füllung,Balken & Fortschritt,sprite,128x128,,eine Datei,"circular ring fill: golden-yellow beveled ring with bright top highlight, same diameter as the ring track, transparent center",Radiale Füllung für Timer und XP-Ring,,ring fill
path_node_empty,Pfad-Knoten leer,Balken & Fortschritt,sprite,96x96,,eine Datei,progress path node like the sheet: empty near-black rounded square with a gold beveled border,"Fortschritts-Pfad: Einführung, Tägliche Belohnung (7 Tage), Turnierbaum",,empty progress path node
path_node_done,Pfad-Knoten erreicht,Balken & Fortschritt,sprite,96x96,,eine Datei,"progress path node reached: rounded square filled with golden-yellow beveled plate, dark-brown outline, small dark brown check mark",Fortschritts-Pfad (erreichte Stufe),,completed progress path node
path_link,Pfad-Verbindung,Balken & Fortschritt,nineslice,64x24,"8,4,8,4",eine Datei,"short gold connector bar between path nodes, beveled, like the links of the sheet's node path",Fortschritts-Pfad,,progress path connector
spinner,Ladekreisel,Balken & Fortschritt,sprite,128x128,,eine Datei,"loading spinner: three-quarter golden ring segment with a bright head and fading tail, chunky bevel","KAUF BESTÄTIGEN, Server wird gestartet, Ladebildschirm, Such-Pille",ja,loading spinner
icon_tab_lobby,Reiter LOBBY,Reiter-Icons,icon,128x128,,"eine Datei (Farbe per Tint, deaktiviert per Grau-Tint)","house with a peaked roof and a small flag on top, standing on a short podium line",Top-Leiste Reiter LOBBY (Startseite),ja,lobby tab icon
icon_tab_play,Reiter SPIELEN,Reiter-Icons,icon,128x128,,"eine Datei (Farbe per Tint, deaktiviert per Grau-Tint)",two crossed toy blasters behind a round target,Top-Leiste Reiter SPIELEN,ja,play tab icon
icon_tab_create,Reiter ERSTELLEN,Reiter-Icons,icon,128x128,,"eine Datei (Farbe per Tint, deaktiviert per Grau-Tint)",toy building brick with studs and a crossed trowel,Top-Leiste Reiter ERSTELLEN,ja,create tab icon
icon_tab_locker,Reiter SPIND,Reiter-Icons,icon,128x128,,"eine Datei (Farbe per Tint, deaktiviert per Grau-Tint)",clothes hanger with a small t-shirt,Top-Leiste Reiter SPIND,ja,locker tab icon
icon_tab_shop,Reiter LADEN,Reiter-Icons,icon,128x128,,"eine Datei (Farbe per Tint, deaktiviert per Grau-Tint)",shopping cart like the sheet's cart icon,Top-Leiste Reiter LADEN,ja,shop tab icon
icon_tab_career,Reiter KARRIERE,Reiter-Icons,icon,128x128,,"eine Datei (Farbe per Tint, deaktiviert per Grau-Tint)",trophy cup with two handles like the sheet's trophy,"Top-Leiste Reiter KARRIERE, Profil-Chip",ja,career tab icon
icon_tab_social,Reiter SOZIAL,Reiter-Icons,icon,128x128,,"eine Datei (Farbe per Tint, deaktiviert per Grau-Tint)","two person busts side by side, the front one slightly larger","Sozial-Knopf mit Online-Zahl im Plaza-HUB, Esc-Menü B/A › SOZIAL, Fußleiste Y",ja,social tab icon
icon_tab_team,Reiter TEAM,Reiter-Icons,icon,128x128,,"eine Datei (Farbe per Tint, deaktiviert per Grau-Tint)","heraldic shield with a small star and a crossed wrench, meant to be tinted red","TEAM-Schild in der Plaza-HUB-Top-Leiste (nur Staff, rot), Esc-Menü A › TEAM",ja,team tab icon
icon_tab_system,Reiter SYSTEM,Reiter-Icons,icon,128x128,,"eine Datei (Farbe per Tint, deaktiviert per Grau-Tint)",three stacked horizontal menu bars with a small gear in the lower right corner,System-Knopf oben rechts im Plaza-HUB (öffnet das System-Dropdown),ja,system tab icon
icon_settings,Einstellungen,Funktions-Icons,icon,128x128,,"eine Datei (Farbe per Tint, deaktiviert per Grau-Tint)",gear cog with eight teeth like the sheet's settings icon,"System-Dropdown › Einstellungen, Esc-Menü (M/B/A) EINSTELLUNGEN",ja,settings icon
icon_mail,Post,Funktions-Icons,icon,128x128,,"eine Datei (Farbe per Tint, deaktiviert per Grau-Tint)",closed envelope like the sheet's mail icon,"Plaza-HUB Top-Leiste Post-Zähler, Sozial-Panel › Post",ja,mail icon
icon_bell,Glocke,Funktions-Icons,icon,128x128,,"eine Datei (Farbe per Tint, deaktiviert per Grau-Tint)",bell with a small clapper,Plaza-HUB Top-Leiste Glocke (Benachrichtigungen mit Verlauf),ja,bell icon
icon_help,Hilfe,Funktions-Icons,icon,128x128,,"eine Datei (Farbe per Tint, deaktiviert per Grau-Tint)",question mark like the sheet's help icon,"Hilfe und Support (System-Dropdown, Esc-Menü M/B), Info-Zeilen",ja,help icon
icon_info,Info,Funktions-Icons,icon,128x128,,"eine Datei (Farbe per Tint, deaktiviert per Grau-Tint)",lowercase i with a round dot like the sheet's info icon,"Einstellungen-Beschreibung, Quoten, Hinweise",,info icon
icon_close,Schließen,Funktions-Icons,icon,128x128,,"eine Datei (Farbe per Tint, deaktiviert per Grau-Tint)",bold X like the sheet's close icon,Schließen auf allen Fenstern und Karten,ja,close icon
icon_back,Zurück,Funktions-Icons,icon,128x128,,"eine Datei (Farbe per Tint, deaktiviert per Grau-Tint)",bold arrow pointing left like the sheet,"Zurück, Blättern, Fußleiste",ja,back icon
icon_forward,Weiter,Funktions-Icons,icon,128x128,,"eine Datei (Farbe per Tint, deaktiviert per Grau-Tint)",bold arrow pointing right like the sheet,"Weiter, Blättern",ja,forward icon
icon_refresh,Aktualisieren,Funktions-Icons,icon,128x128,,"eine Datei (Farbe per Tint, deaktiviert per Grau-Tint)",circular arrow like the sheet's refresh icon,"AKTUALISIEREN (Server-Browser, Zuschauen, Plazas)",,refresh icon
icon_search,Suchen,Funktions-Icons,icon,128x128,,"eine Datei (Farbe per Tint, deaktiviert per Grau-Tint)",magnifying glass,"Suchfelder, SUCHEN",ja,search icon
icon_filter,Filter,Funktions-Icons,icon,128x128,,"eine Datei (Farbe per Tint, deaktiviert per Grau-Tint)",funnel,"Filter in LADEN › Katalog, Map-Galerie, Server-Browser",,filter icon
icon_lock,Schloss,Funktions-Icons,icon,128x128,,"eine Datei (Farbe per Tint, deaktiviert per Grau-Tint)",closed padlock,"Gesperrt, BALD am Reiter, Passwort-Räume, Rang-Sperre im LADEN",ja,lock icon
icon_more,Mehr,Funktions-Icons,icon,128x128,,"eine Datei (Farbe per Tint, deaktiviert per Grau-Tint)",three bold dots in a row,"„•••“ Spieler-Aktionen in Tab-Liste, Sozial-Panel und allen Spielerlisten",ja,more options (three dots) icon
icon_play,Abspielen,Funktions-Icons,icon,128x128,,"eine Datei (Farbe per Tint, deaktiviert per Grau-Tint)",solid play triangle like the sheet,"ReplayViewer ABSPIELEN, Highlights ANSEHEN",,play icon
icon_pause,Pause,Funktions-Icons,icon,128x128,,"eine Datei (Farbe per Tint, deaktiviert per Grau-Tint)",two vertical bars like the sheet's pause icon,ReplayViewer PAUSE,,pause icon
icon_speed,Tempo,Funktions-Icons,icon,128x128,,"eine Datei (Farbe per Tint, deaktiviert per Grau-Tint)",double right-pointing triangles (fast forward),"ReplayViewer Tempo 0,25×–4×",,speed icon
icon_next_kill,Nächster Kill,Funktions-Icons,icon,128x128,,"eine Datei (Farbe per Tint, deaktiviert per Grau-Tint)","skip-forward triangle with a bar, a small crosshair above it",ReplayViewer NÄCHSTER KILL,,next kill icon
icon_cam_free,Kamera frei,Funktions-Icons,icon,128x128,,"eine Datei (Farbe per Tint, deaktiviert per Grau-Tint)",small video camera with four arrows pointing outward,ReplayViewer KAMERA FREI,,free camera icon
icon_cam_overview,Kamera Übersicht,Funktions-Icons,icon,128x128,,"eine Datei (Farbe per Tint, deaktiviert per Grau-Tint)",video camera looking down onto a small square grid map,ReplayViewer KAMERA ÜBERSICHT,,overview camera icon
icon_cam_auto,Kamera automatisch,Funktions-Icons,icon,128x128,,"eine Datei (Farbe per Tint, deaktiviert per Grau-Tint)",video camera with a circular arrow around it,ReplayViewer KAMERA AUTOMATISCH,,automatic camera icon
icon_cam_name,Kamera Name,Funktions-Icons,icon,128x128,,"eine Datei (Farbe per Tint, deaktiviert per Grau-Tint)",video camera next to a small person bust,ReplayViewer KAMERA NAME (Spieler folgen),,follow player camera icon
icon_replay,Replay,Funktions-Icons,icon,128x128,,"eine Datei (Farbe per Tint, deaktiviert per Grau-Tint)",film strip with a play triangle in the middle frame,"KARRIERE › Replays & Highlights, Match-Verlauf REPLAY, Ergebnis „Spielzug der Runde“, TEAM › Replays",,replay icon
icon_eye,Zuschauen,Funktions-Icons,icon,128x128,,"eine Datei (Farbe per Tint, deaktiviert per Grau-Tint)",open eye,"SPIELEN › Zuschauen, ZUSCHAUEN in Freundes-Zeilen (live)",,spectate icon
icon_photo,Foto,Funktions-Icons,icon,128x128,,"eine Datei (Farbe per Tint, deaktiviert per Grau-Tint)",photo camera with a round lens,"FOTO-MODUS (System-Dropdown, Esc-Menü B), Foto-Modus FOTO",,photo icon
icon_mic,Mikrofon,Funktions-Icons,icon,128x128,,"eine Datei (Farbe per Tint, deaktiviert per Grau-Tint)",microphone on a small stand,"Sprachchat, VoiceHud, Einstellungen › Sprachchat",,mic icon
icon_speaker,Lautsprecher,Funktions-Icons,icon,128x128,,"eine Datei (Farbe per Tint, deaktiviert per Grau-Tint)",speaker with two sound waves,"Einstellungen › Sound, Sprecher-Anzeige",,speaker icon
icon_mute,Stumm,Funktions-Icons,icon,128x128,,"eine Datei (Farbe per Tint, deaktiviert per Grau-Tint)",speaker with a bold diagonal strike-through,"STUMM in Spieler-Aktionen, Tab-Liste, Einstellungen › Sprachchat",,mute icon
icon_crown,Krone,Funktions-Icons,icon,128x128,,"eine Datei (Farbe per Tint, deaktiviert per Grau-Tint)",three-point crown like the sheet's crown,"Party-Leiter in der LOBBY und Tab-Liste, Raum-Master, Clan-Leitung",ja,crown icon
icon_heart,Herz,Funktions-Icons,icon,128x128,,"eine Datei (Farbe per Tint, deaktiviert per Grau-Tint)",rounded heart like the sheet,"Freund-Herz in Tab-Liste und Sozial-Panel, Server-Browser",,heart icon
icon_star,Stern,Funktions-Icons,icon,128x128,,"eine Datei (Farbe per Tint, deaktiviert per Grau-Tint)",five-point star like the sheet,"Item-Sterne (Upgrades), Favoriten, Erfolge",,star icon
icon_party,Party,Funktions-Icons,icon,128x128,,"eine Datei (Farbe per Tint, deaktiviert per Grau-Tint)","three person busts grouped, the middle one in front","Sozial-Panel › Party, PARTY EINLADEN",,party icon
icon_clan,Clan,Funktions-Icons,icon,128x128,,"eine Datei (Farbe per Tint, deaktiviert per Grau-Tint)",heraldic banner flag hanging from a horizontal bar with a small emblem,"Sozial-Panel › Clan, Clan-Seite",,clan icon
icon_invite,Einladen,Funktions-Icons,icon,128x128,,"eine Datei (Farbe per Tint, deaktiviert per Grau-Tint)",person bust with a plus sign,"EINLADEN, Party-Platz „+“, ANFRAGE SENDEN",,invite icon
icon_whisper,Flüstern,Funktions-Icons,icon,128x128,,"eine Datei (Farbe per Tint, deaktiviert per Grau-Tint)",small speech bubble with a dotted outline and three dots inside,"FLÜSTERN (Sozial-Panel, Profil)",,whisper icon
icon_follow,Folgen,Funktions-Icons,icon,128x128,,"eine Datei (Farbe per Tint, deaktiviert per Grau-Tint)",two footprints with a forward arrow,"FOLGEN (Sozial-Panel), Folgen-Karte",,follow icon
icon_kick,Rauswerfen,Funktions-Icons,icon,128x128,,"eine Datei (Farbe per Tint, deaktiviert per Grau-Tint)",person bust with a bold arrow pointing out to the right through an open doorway,"RAUSWERFEN, ENTFERNEN (Party, Clan, Bauplatz, Warteraum)",,kick icon
icon_report,Melden,Funktions-Icons,icon,128x128,,"eine Datei (Farbe per Tint, deaktiviert per Grau-Tint)",small pennant flag on a pole with an exclamation mark cut-out,"MELDEN (Profil, Spieler-Aktionen, Map-Galerie)",,report icon
icon_thumb_up,Daumen hoch,Funktions-Icons,icon,128x128,,"eine Datei (Farbe per Tint, deaktiviert per Grau-Tint)",thumbs-up hand,"Map bewerten (Galerie, Ergebnis), Vorlagen ▲",,thumbs up icon
icon_thumb_down,Daumen runter,Funktions-Icons,icon,128x128,,"eine Datei (Farbe per Tint, deaktiviert per Grau-Tint)",thumbs-down hand,"Map bewerten (Galerie, Ergebnis), Vorlagen ▼",,thumbs down icon
icon_comment,Kommentar,Funktions-Icons,icon,128x128,,"eine Datei (Farbe per Tint, deaktiviert per Grau-Tint)",speech bubble with three horizontal lines inside,"KOMMENTARE in der Map-Galerie, Ergebnis-Kommentar",,comment icon
icon_download,Herunterladen,Funktions-Icons,icon,128x128,,"eine Datei (Farbe per Tint, deaktiviert per Grau-Tint)",arrow pointing down into an open tray,"HERUNTERLADEN (Map-Galerie), VIDEO SPEICHERN",,download icon
icon_upload,Veröffentlichen,Funktions-Icons,icon,128x128,,"eine Datei (Farbe per Tint, deaktiviert per Grau-Tint)",arrow pointing up out of an open tray,"Bauplatz-Fenster (B) › Veröffentlichen, Vorlagen TEILEN",,upload icon
icon_trash,Löschen,Funktions-Icons,icon,128x128,,"eine Datei (Farbe per Tint, deaktiviert per Grau-Tint)",trash bin with a lid,"LÖSCHEN (Post, Vorlagen)",,trash icon
icon_disassemble,Zerlegen,Funktions-Icons,icon,128x128,,"eine Datei (Farbe per Tint, deaktiviert per Grau-Tint)",small item broken into three pieces with tiny shards flying out,ZERLEGEN (+n SPLITTER) in SPIND › Inventar/Werkstatt,,disassemble item icon
icon_anvil,Werkstatt,Funktions-Icons,icon,128x128,,"eine Datei (Farbe per Tint, deaktiviert per Grau-Tint)",blacksmith anvil with a small hammer,"SPIND › Werkstatt, IN DER WERKSTATT AUFWERTEN",,workshop icon
icon_gem,Gem,Funktions-Icons,icon,128x128,,"eine Datei (Farbe per Tint, deaktiviert per Grau-Tint)",faceted gem stone seen from the front like the sheet's diamond,"Werkstatt-Gems, LADEN › Katalog Gems",,gem icon
icon_gift,Geschenk,Funktions-Icons,icon,128x128,,"eine Datei (Farbe per Tint, deaktiviert per Grau-Tint)",gift box with a bow like the sheet,"VERSCHENKEN, Post-Geschenk, Tägliche Belohnung",,gift icon
icon_ticket,Support-Ticket,Funktions-Icons,icon,128x128,,"eine Datei (Farbe per Tint, deaktiviert per Grau-Tint)",admission ticket with a notch and a small question mark hole,"Hilfe und Support (MEINE TICKETS, NEUES TICKET)",,support ticket icon
icon_bug,Fehler,Funktions-Icons,icon,128x128,,"eine Datei (Farbe per Tint, deaktiviert per Grau-Tint)",beetle bug with six legs,"Fehler melden (System-Dropdown, Esc-Menü M/B)",,bug report icon
icon_door,Plaza,Funktions-Icons,icon,128x128,,"eine Datei (Farbe per Tint, deaktiviert per Grau-Tint)",arched door with a small pennant above it,"ZUR PLAZA (System-Dropdown, Esc-Menü B/A, Ergebnis), Sozial-Panel › Plazas",ja,go to plaza icon
icon_power,Beenden,Funktions-Icons,icon,128x128,,"eine Datei (Farbe per Tint, deaktiviert per Grau-Tint)",power symbol (circle with a vertical line at the top),"SPIEL BEENDEN (System-Dropdown, Esc-Menü), Ladebildschirm BEENDEN",ja,quit game icon
icon_sky,Himmel,Funktions-Icons,icon,128x128,,"eine Datei (Farbe per Tint, deaktiviert per Grau-Tint)",sun partly behind a cloud,Bauplatz-Fenster (B) › Himmel,,sky settings icon
icon_builder,Mitbauer,Funktions-Icons,icon,128x128,,"eine Datei (Farbe per Tint, deaktiviert per Grau-Tint)",construction hard hat,"ERSTELLEN › Mitbauen, Bauplatz-Fenster › Mitbauer, BAURECHT GEBEN, Bau-HUD „Mitbauer da“",,co-builder icon
icon_flag,Flagge,Funktions-Icons,icon,128x128,,"eine Datei (Farbe per Tint, deaktiviert per Grau-Tint)",waving flag on a pole,"Flaggenjagd-Marker, Ziel-HUD",,flag icon
icon_bomb,Bombe,Funktions-Icons,icon,128x128,,"eine Datei (Farbe per Tint, deaktiviert per Grau-Tint)",round bomb with a short lit fuse,"Entschärfung-Marker, Aktionsbalken",,bomb icon
icon_core,Kern,Funktions-Icons,icon,128x128,,"eine Datei (Farbe per Tint, deaktiviert per Grau-Tint)",glowing crystal core on a small pedestal,Verteidigung (KERN n %),,core icon
icon_target,Ziel,Funktions-Icons,icon,128x128,,"eine Datei (Farbe per Tint, deaktiviert per Grau-Tint)",bullseye target with three rings,"SPIND › Testgelände (Schießstand-Karte), Ziel-Marker, Gewertet",,target icon
icon_wanted,Gesucht,Funktions-Icons,icon,128x128,,"eine Datei (Farbe per Tint, deaktiviert per Grau-Tint)",five-point sheriff star with a small crosshair in the center,Kopfgeld „Gesucht: X“,,wanted target icon
icon_warning,Warnung,Funktions-Icons,icon,128x128,,"eine Datei (Farbe per Tint, deaktiviert per Grau-Tint)",warning triangle with an exclamation mark,"Fehler, Granatwarnung, Wartung, Hinweise",ja,warning icon
icon_skull,Totenkopf,Funktions-Icons,icon,128x128,,"eine Datei (Farbe per Tint, deaktiviert per Grau-Tint)",cartoon skull,"Killfeed, AUSGESCHALTET, Zombie, Deathmatch",ja,skull icon
icon_headshot,Kopftreffer,Funktions-Icons,icon,128x128,,"eine Datei (Farbe per Tint, deaktiviert per Grau-Tint)",head silhouette with a small crosshair on it,"Killfeed Kopftreffer, KOPFTREFFER-Meldung",,headshot icon
icon_shield,Schild,Funktions-Icons,icon,128x128,,"eine Datei (Farbe per Tint, deaktiviert per Grau-Tint)",heater shield,"Rüstung im Kampf-HUD, Spawn-Schutz",ja,shield icon
icon_health,Gesundheit,Funktions-Icons,icon,128x128,,"eine Datei (Farbe per Tint, deaktiviert per Grau-Tint)",bold plus-shaped medical cross,"Gesundheit im Kampf-HUD, Heil-Items",ja,health icon
icon_ammo,Munition,Funktions-Icons,icon,128x128,,"eine Datei (Farbe per Tint, deaktiviert per Grau-Tint)",three bullets standing side by side,"Magazin/Reserve im Kampf-HUD, KEINE MUNITION",ja,ammo icon
icon_grenade,Granate,Funktions-Icons,icon,128x128,,"eine Datei (Farbe per Tint, deaktiviert per Grau-Tint)",hand grenade with pin and lever,"Granaten-Slot, Granatwarnung",,grenade icon
icon_heat,Hitze,Funktions-Icons,icon,128x128,,"eine Datei (Farbe per Tint, deaktiviert per Grau-Tint)",flame next to a small thermometer,"Hitze-Anzeige, ÜBERHITZT",,heat icon
icon_radio,Funk,Funktions-Icons,icon,128x128,,"eine Datei (Farbe per Tint, deaktiviert per Grau-Tint)",walkie-talkie with antenna,"Funkrad (Z), Team-Funk, Party-Funk",,radio icon
icon_profile,Profil,Funktions-Icons,icon,128x128,,"eine Datei (Farbe per Tint, deaktiviert per Grau-Tint)",person bust like the sheet's profile icon,"Profil-Chip (→ KARRIERE › Profil), PROFIL in Spieler-Aktionen",ja,profile icon
icon_edit,Bearbeiten,Funktions-Icons,icon,128x128,,"eine Datei (Farbe per Tint, deaktiviert per Grau-Tint)",pencil,"UMBENENNEN, BEARBEITEN (Clan, Slots)",,edit icon
icon_check,Haken,Funktions-Icons,icon,128x128,,"eine Datei (Farbe per Tint, deaktiviert per Grau-Tint)",bold check mark,"Erledigt, AUSGERÜSTET, ABGEHOLT, Bereit-Status in der LOBBY",ja,check icon
icon_pin,Anheften,Funktions-Icons,icon,128x128,,"eine Datei (Farbe per Tint, deaktiviert per Grau-Tint)","push pin seen from the side, tilted","Tab-Liste anheften (Rechtsklick), angeheftete Benachrichtigungen",,pin icon
icon_ui_scale,UI-Größe,Funktions-Icons,icon,128x128,,"eine Datei (Farbe per Tint, deaktiviert per Grau-Tint)",two nested squares with a diagonal double-headed arrow from the small to the large corner,Einstellungen › Allgemein (Anzeige) und Barrierefreiheit › UI-Größe (85/100/120 %),,UI scale icon
icon_motion,Animationen reduzieren,Funktions-Icons,icon,128x128,,"eine Datei (Farbe per Tint, deaktiviert per Grau-Tint)",small circle with three trailing speed lines and a pause bar,Einstellungen › Barrierefreiheit › Animationen reduzieren,,reduce motion icon
icon_clock,Uhr,Funktions-Icons,icon,128x128,,"eine Datei (Farbe per Tint, deaktiviert per Grau-Tint)",round clock with two hands,"Laufzeit im LADEN, Timer, Events „BEGINNT …“",,clock icon
build_slot,Brick-Platz,Bau-HUD,nineslice,128x128,"32,32,32,32","normal, aktiv, Limit (Wechsel mit Bounce, Limit mit Shake)","brick hotbar slot: recessed near-black square with a thin gold border, chamfered corners, soft inner shadow, empty center for a brick symbol","Bau-HUD unten Mitte: 9 Brick-Plätze (1–9, Mausrad); aktiv goldgerahmt und angehoben, Limit erreicht rot",ja,brick hotbar slot
build_tool_slot,Werkzeug-Platz,Bau-HUD,nineslice,160x160,"40,40,40,40","normal, aktiv (Ablehnung als Rot-Puls per Tint)","larger tool slot: near-black square with a chunky gold beveled frame, chamfered corners, rivets, darker bottom lip, empty center for a tool glyph","Bau-HUD unten rechts: Werkzeug-Modus T, Drehen R, Aufnehmen, Fliegen F, Palette Q, Bauvorlagen X, Rückgängig/Wiederholen, Bau-Werkzeuge aus SPIND › Loadout (Abklingzeit per hud_cooldown_ring)",ja,build tool slot
build_key_label,Tasten-Etikett,Bau-HUD,nineslice,48x40,"14,12,14,12",eine Datei,"tiny key label plate: dark rounded-chamfered tab with a thin gold border and a lighter top edge, empty face for one key character","Ecke der Brick- und Werkzeug-Plätze (1–9, T, R, F, Q, X, Z/Y)",ja,key label plate
build_limit_badge,Limit-Zähler,Bau-HUD,nineslice,96x40,"16,12,16,12","normal, Limit","small counter badge: dark pill with a thin gold border and chamfered ends, empty face for a count like n/Limit","Brick-Plätze „n/Limit“, Rückgängig/Wiederholen-Zähler, Anzahl der Bau-Werkzeuge",,limit counter badge
build_status_plate,Statuszeilen-Platte,Bau-HUD,nineslice,768x56,"48,16,48,16",eine Datei,slim status line plate: semi-transparent near-black strip with thin gold lines along top and bottom and tapered ends,Statuszeile über den Brick-Plätzen: „<Brick> · Einzeln/Linie/Ersetzen · Norden/Osten/Süden/Westen · n/Limit“,ja,status line plate
build_info_plate,Bauplatz-Info-Platte,Bau-HUD,nineslice,384x128,"48,40,48,40",eine Datei,small HUD info panel: semi-transparent near-black body with a slanted right edge and a thin gold double border,"Bau-HUD oben links: Map/Slot, Mitbauer da, Sprachchat Nähe/Map-weit, Symmetrie, Auswahl-Info",,build plot info panel
icon_tool_single,Werkzeug Einzeln,Bau-HUD,icon,128x128,,"eine Datei (Farbe per Tint, deaktiviert per Grau-Tint)",single toy brick with a small pointer arrow touching its top,Werkzeug-Modus T: Einzeln,ja,single brick tool icon
icon_tool_line,Werkzeug Linie,Bau-HUD,icon,128x128,,"eine Datei (Farbe per Tint, deaktiviert per Grau-Tint)",row of three toy bricks with a straight arrow running along them,Werkzeug-Modus T: Linie,ja,line tool icon
icon_tool_replace,Werkzeug Ersetzen,Bau-HUD,icon,128x128,,"eine Datei (Farbe per Tint, deaktiviert per Grau-Tint)",toy brick with two circular swap arrows around it,Werkzeug-Modus T: Ersetzen,ja,replace tool icon
icon_compass,Drehen/Kompass,Bau-HUD,icon,128x128,,"eine Datei (Farbe per Tint, deaktiviert per Grau-Tint)","compass rose with one bold arrow pointing up (north), rotated in the engine for N/O/S/W","Drehen R (Brick-Richtung Norden/Osten/Süden/Westen), Statuszeile",ja,rotation compass icon
icon_pick,Brick aufnehmen,Bau-HUD,icon,128x128,,"eine Datei (Farbe per Tint, deaktiviert per Grau-Tint)",eyedropper pipette over a small toy brick,Brick aufnehmen (Mittelklick),,pick brick (eyedropper) icon
icon_fly,Fliegen,Bau-HUD,icon,128x128,,"eine Datei (Farbe per Tint, deaktiviert per Grau-Tint)",pair of small stylized wings with an upward arrow between them,"Fliegen F (an/aus, Flug-Item aus dem Loadout)",,fly mode icon
icon_palette,Palette,Bau-HUD,icon,128x128,,"eine Datei (Farbe per Tint, deaktiviert per Grau-Tint)",painter's palette with three paint dots,"Palette Q, Farbbox, Emblem-Editor",ja,palette icon
icon_blueprint,Bauvorlagen,Bau-HUD,icon,128x128,,"eine Datei (Farbe per Tint, deaktiviert per Grau-Tint)",rolled-up blueprint sheet with a grid,"Bauvorlagen X, ERSTELLEN › Vorlagen",,blueprint icon
icon_undo,Rückgängig,Bau-HUD,icon,128x128,,"eine Datei (Farbe per Tint, deaktiviert per Grau-Tint)",curved arrow turning back to the left,"Rückgängig Z (mit Zähler), Bauvorlagen VERLAUF",ja,undo icon
icon_redo,Wiederholen,Bau-HUD,icon,128x128,,"eine Datei (Farbe per Tint, deaktiviert per Grau-Tint)",curved arrow turning forward to the right,"Wiederholen Y (mit Zähler), Bauvorlagen VERLAUF",ja,redo icon
icon_rotate,Drehen (Vorlage),Bau-HUD,icon,128x128,,"eine Datei (Farbe per Tint, deaktiviert per Grau-Tint)",square with a circular arrow around its corner,Bauvorlagen DREHEN n°,,rotate icon
icon_mirror,Spiegeln,Bau-HUD,icon,128x128,,"eine Datei (Farbe per Tint, deaktiviert per Grau-Tint)",triangle and its mirrored outline on both sides of a vertical dashed axis,Bauvorlagen Spiegeln X/Z,,mirror icon
icon_sym_off,Symmetrie Aus,Bau-HUD,icon,128x128,,"eine Datei (Farbe per Tint, deaktiviert per Grau-Tint)",single small square next to a dashed vertical line that is crossed out,Symmetrie-Anzeige oben links: Aus,,symmetry off icon
icon_sym_x,Symmetrie X,Bau-HUD,icon,128x128,,"eine Datei (Farbe per Tint, deaktiviert per Grau-Tint)",two small squares mirrored across a vertical dashed axis,Symmetrie-Anzeige: X,,symmetry X icon
icon_sym_z,Symmetrie Z,Bau-HUD,icon,128x128,,"eine Datei (Farbe per Tint, deaktiviert per Grau-Tint)",two small squares mirrored across a horizontal dashed axis,Symmetrie-Anzeige: Z,,symmetry Z icon
icon_sym_quad,Symmetrie Vierfach,Bau-HUD,icon,128x128,,"eine Datei (Farbe per Tint, deaktiviert per Grau-Tint)",four small squares arranged around a dashed cross,"Symmetrie-Anzeige: Vierfach, Bauvorlagen SYMMETRIE",,fourfold symmetry icon
icon_brick,Brick,Bau-HUD,icon,128x128,,"eine Datei (Farbe per Tint, deaktiviert per Grau-Tint)",single toy building brick with four studs,"Brick-Symbol als Platzhalter, Palette, Bau-Werkzeuge im LADEN",ja,brick icon
lobby_podium,Lobby-Podest,Lobby & Modi,sprite,1024x512,,eine Datei,"round stepped character podium seen in a slight three-quarter view from the front: dark stone-like top with a gold beveled rim and rivets, a soft golden glow ring on the floor around it",LOBBY Mitte: Standfläche für eigenen Charakter und Party-Mitglieder (Leiter mit Krone),ja,lobby character podium
lobby_podium_glow,Podest-Leuchten,Lobby & Modi,particle,512x256,,eine Datei · Blend additiv,"flat elliptical golden light pool seen in perspective from the front, bright rim and soft falloff, like a spotlight on the floor","LOBBY: pulsierendes Leuchten unter dem Charakter, Bereit-Status",,podium glow light pool
mode_tdm,Modus Team-Deathmatch,Lobby & Modi,sprite,256x256,,"normal, deaktiviert (hover/gedrückt per Tint)","square game-mode emblem tile: chunky golden-yellow beveled square frame with chamfered corners and rivets, near-black inner field, centered emblem in gold and dark brown showing two crossed toy blasters over a shield split vertically into blue and red halves","SPIELEN › Schnellspiel (Modus-Kachel Team-Deathmatch), Modus-Karte in der LOBBY, Server-Browser, Warteraum",ja,Team Deathmatch game mode emblem
mode_dm,Modus Deathmatch,Lobby & Modi,sprite,256x256,,"normal, deaktiviert (hover/gedrückt per Tint)","square game-mode emblem tile: chunky golden-yellow beveled square frame with chamfered corners and rivets, near-black inner field, centered emblem in gold and dark brown showing single cartoon skull with a crosshair behind it","SPIELEN › Schnellspiel (Modus-Kachel Deathmatch), Modus-Karte in der LOBBY, Server-Browser, Warteraum",,Deathmatch game mode emblem
mode_ctf,Modus Flaggenjagd,Lobby & Modi,sprite,256x256,,"normal, deaktiviert (hover/gedrückt per Tint)","square game-mode emblem tile: chunky golden-yellow beveled square frame with chamfered corners and rivets, near-black inner field, centered emblem in gold and dark brown showing waving flag on a pole planted in a small brick base","SPIELEN › Schnellspiel (Modus-Kachel Flaggenjagd), Modus-Karte in der LOBBY, Server-Browser, Warteraum",,Capture the Flag game mode emblem
mode_defuse,Modus Entschärfung,Lobby & Modi,sprite,256x256,,"normal, deaktiviert (hover/gedrückt per Tint)","square game-mode emblem tile: chunky golden-yellow beveled square frame with chamfered corners and rivets, near-black inner field, centered emblem in gold and dark brown showing round bomb with a lit fuse and a pair of wire cutters in front of it","SPIELEN › Schnellspiel (Modus-Kachel Entschärfung), Modus-Karte in der LOBBY, Server-Browser, Warteraum",,Bomb Defusal game mode emblem
mode_build_destroy,Modus Bauen und Zerstören,Lobby & Modi,sprite,256x256,,"normal, deaktiviert (hover/gedrückt per Tint)","square game-mode emblem tile: chunky golden-yellow beveled square frame with chamfered corners and rivets, near-black inner field, centered emblem in gold and dark brown showing toy brick wall with a hammer crossing it and a few flying brick fragments","SPIELEN › Schnellspiel (Modus-Kachel Bauen und Zerstören), Modus-Karte in der LOBBY, Server-Browser, Warteraum",,Build and Destroy game mode emblem
mode_freefall,Modus Freier Fall,Lobby & Modi,sprite,256x256,,"normal, deaktiviert (hover/gedrückt per Tint)","square game-mode emblem tile: chunky golden-yellow beveled square frame with chamfered corners and rivets, near-black inner field, centered emblem in gold and dark brown showing small figure falling downward through broken floor bricks with speed lines","SPIELEN › Schnellspiel (Modus-Kachel Freier Fall), Modus-Karte in der LOBBY, Server-Browser, Warteraum",,Free Fall game mode emblem
mode_defense,Modus Verteidigung,Lobby & Modi,sprite,256x256,,"normal, deaktiviert (hover/gedrückt per Tint)","square game-mode emblem tile: chunky golden-yellow beveled square frame with chamfered corners and rivets, near-black inner field, centered emblem in gold and dark brown showing glowing crystal core protected by a large shield in front of it","SPIELEN › Schnellspiel (Modus-Kachel Verteidigung), Modus-Karte in der LOBBY, Server-Browser, Warteraum",,Core Defense game mode emblem
mode_zombie,Modus Zombie-Ausbruch,Lobby & Modi,sprite,256x256,,"normal, deaktiviert (hover/gedrückt per Tint)","square game-mode emblem tile: chunky golden-yellow beveled square frame with chamfered corners and rivets, near-black inner field, centered emblem in gold and dark brown showing green zombie hand reaching up out of cracked ground","SPIELEN › Schnellspiel (Modus-Kachel Zombie-Ausbruch), Modus-Karte in der LOBBY, Server-Browser, Warteraum",,Zombie Outbreak game mode emblem
mode_bounty,Modus Kopfgeld,Lobby & Modi,sprite,256x256,,"normal, deaktiviert (hover/gedrückt per Tint)","square game-mode emblem tile: chunky golden-yellow beveled square frame with chamfered corners and rivets, near-black inner field, centered emblem in gold and dark brown showing sheriff star stacked on top of a gold coin","SPIELEN › Schnellspiel (Modus-Kachel Kopfgeld), Modus-Karte in der LOBBY, Server-Browser, Warteraum",,Bounty game mode emblem
mode_breakout,Modus Ausbruch,Lobby & Modi,sprite,256x256,,"normal, deaktiviert (hover/gedrückt per Tint)","square game-mode emblem tile: chunky golden-yellow beveled square frame with chamfered corners and rivets, near-black inner field, centered emblem in gold and dark brown showing fist breaking through bent prison bars","SPIELEN › Schnellspiel (Modus-Kachel Ausbruch), Modus-Karte in der LOBBY, Server-Browser, Warteraum",,Breakout game mode emblem
mode_cobuild,Modus Gemeinsam bauen,Lobby & Modi,sprite,256x256,,"normal, deaktiviert (hover/gedrückt per Tint)","square game-mode emblem tile: chunky golden-yellow beveled square frame with chamfered corners and rivets, near-black inner field, centered emblem in gold and dark brown showing two hands placing a toy brick together on a small brick stack","SPIELEN › Schnellspiel (Modus-Kachel Gemeinsam bauen), Modus-Karte in der LOBBY, Server-Browser, Warteraum",,Co-op Building game mode emblem
cur_brix,Brix,Währungen,sprite,128x128,,eine Datei,"Brix currency icon: chunky golden toy brick with four round studs in a three-quarter view, beveled edges, bright highlight, thin dark-brown outline","Top-Leiste, LADEN-Preise, Ergebnis „+n Brix“, Post-Geschenk",ja,Brix currency icon
cur_splitter,Splitter,Währungen,sprite,128x128,,eine Datei,Splitter currency icon: cluster of three sharp amber-orange crystal shards with gold highlights and thin dark-brown outline,"Top-Leiste, ZERLEGEN (+n SPLITTER), Werkstatt-Gebühr",ja,Splitter shards currency icon
cur_kristalle,Kristalle,Währungen,sprite,128x128,,eine Datei,"Kristalle premium currency icon: faceted cyan-blue gem crystal set in a small gold claw mount, bright sparkle highlight, thin dark outline","Top-Leiste, LADEN (Premium), Ressourcen-Pille mit Plus",ja,Kristalle premium gem currency icon
cur_muenze,Münze,Währungen,sprite,128x128,,eine Datei,"coin icon: round gold coin with a raised five-point star emblem and a beveled rim, bright top highlight","LADEN › Glücksbrett (Münz-Pille, TAGESMÜNZE ABHOLEN), Tagesmissionen „+1 Münze“",ja,lucky board coin icon
rank_t1,Rang Stufe 1 Bronze-Schild,Rang-Abzeichen,sprite,128x128,,eine Datei,"plain bronze heater shield badge with beveled rim like the sheet's shield, no emblem","Profil-Chip in der Top-Leiste, KARRIERE › Profil, Bestenlisten, Punktestand, Rang-Aufstieg",ja,rank badge tier 1
rank_t2,Rang Stufe 2 Silber-Schild,Rang-Abzeichen,sprite,128x128,,eine Datei,silver heater shield badge with beveled rim and one golden chevron,"Profil-Chip in der Top-Leiste, KARRIERE › Profil, Bestenlisten, Punktestand, Rang-Aufstieg",,rank badge tier 2
rank_t3,Rang Stufe 3 Gold-Schild,Rang-Abzeichen,sprite,128x128,,eine Datei,golden heater shield badge like the sheet's shield with two dark brown chevrons,"Profil-Chip in der Top-Leiste, KARRIERE › Profil, Bestenlisten, Punktestand, Rang-Aufstieg",,rank badge tier 3
rank_t4,Rang Stufe 4 Medaille,Rang-Abzeichen,sprite,128x128,,eine Datei,"round gold medal with a beveled rim and two red ribbon tails below, like the sheet's medal","Profil-Chip in der Top-Leiste, KARRIERE › Profil, Bestenlisten, Punktestand, Rang-Aufstieg",,rank badge tier 4
rank_t5,Rang Stufe 5 Stern,Rang-Abzeichen,sprite,128x128,,eine Datei,"chunky golden five-point star badge like the sheet's star, framed by two small laurel branches","Profil-Chip in der Top-Leiste, KARRIERE › Profil, Bestenlisten, Punktestand, Rang-Aufstieg",,rank badge tier 5
rank_t6,Rang Stufe 6 Legende,Rang-Abzeichen,sprite,128x128,,eine Datei,"golden five-point star badge with a small crown on top, laurel wreath and a red center gem (#C71E15)","Profil-Chip in der Top-Leiste, KARRIERE › Profil, Bestenlisten, Punktestand, Rang-Aufstieg",,rank badge tier 6
role_leader,Rolle Leiter/Inhaber,Rollen-Badges,sprite,128x128,,eine Datei,"role badge exactly like the bottom row of the sheet: bronze (#9C4D01) square badge plate with a golden crown glyph, chamfered corners, beveled edge, lighter top highlight, darker bottom lip","Party-/Raum-Leiter, Bauplatz-Inhaber, Clan-Leitung, Master",ja,leader/owner role badge
role_admin,Rolle ADMIN,Rollen-Badges,sprite,128x128,,eine Datei,"role badge exactly like the bottom row of the sheet: red (#AE4033 to #7C100B) square badge plate with a golden shield outline glyph, chamfered corners, beveled edge, lighter top highlight, darker bottom lip","Namensschild, Chat-Kennzeichen, TEAM-Seite",ja,admin role badge
role_dev,Rolle DEV,Rollen-Badges,sprite,128x128,,eine Datei,"role badge exactly like the bottom row of the sheet: purple (#7543A4 to #3B116A) square badge plate with a light ""</>"" code glyph, chamfered corners, beveled edge, lighter top highlight, darker bottom lip","Namensschild, Chat-Kennzeichen, TEAM-Seite",ja,developer role badge
role_mod,Rolle MOD,Rollen-Badges,sprite,128x128,,eine Datei,"role badge exactly like the bottom row of the sheet: green (#66842E to #1E3A01) square badge plate with a golden shield-with-check-mark glyph, chamfered corners, beveled edge, lighter top highlight, darker bottom lip","Namensschild, Chat-Kennzeichen, TEAM-Seite",ja,moderator role badge
role_player,Rolle Spieler,Rollen-Badges,sprite,128x128,,eine Datei,"role badge exactly like the bottom row of the sheet: blue (#5C83A8 to #15406C) square badge plate with a light person bust glyph, chamfered corners, beveled edge, lighter top highlight, darker bottom lip","Spielerlisten, Profil, Sozial-Panel",ja,player role badge
tier_frame_common,Stufen-Rahmen Gewöhnlich,Stufen-Rahmen,nineslice,256x256,"48,48,48,48",eine Datei,"item tier frame: thin steel-grey beveled border with chamfered corners and a soft steel-grey inner glow, transparent center","Glücksbrett-Gewinn, SPIND › Inventar, LADEN-Karten, Werkstatt-Ergebnis (immer mit Name + Symbol)",,common tier frame
tier_frame_uncommon,Stufen-Rahmen Ungewöhnlich,Stufen-Rahmen,nineslice,256x256,"48,48,48,48",eine Datei,"item tier frame: thin green beveled border with chamfered corners and a soft green inner glow, transparent center","Glücksbrett-Gewinn, SPIND › Inventar, LADEN-Karten, Werkstatt-Ergebnis (immer mit Name + Symbol)",,uncommon tier frame
tier_frame_rare,Stufen-Rahmen Selten,Stufen-Rahmen,nineslice,256x256,"48,48,48,48",eine Datei,"item tier frame: thin blue beveled border with chamfered corners and a soft blue inner glow, transparent center","Glücksbrett-Gewinn, SPIND › Inventar, LADEN-Karten, Werkstatt-Ergebnis (immer mit Name + Symbol)",,rare tier frame
tier_frame_epic,Stufen-Rahmen Episch,Stufen-Rahmen,nineslice,256x256,"48,48,48,48",eine Datei,"item tier frame: thin purple beveled border with chamfered corners and a soft purple inner glow, transparent center","Glücksbrett-Gewinn, SPIND › Inventar, LADEN-Karten, Werkstatt-Ergebnis (immer mit Name + Symbol)",,epic tier frame
tier_frame_jackpot,Stufen-Rahmen Hauptgewinn,Stufen-Rahmen,nineslice,256x256,"48,48,48,48",eine Datei,"item tier frame: thin gold beveled border with chamfered corners and a soft gold inner glow, transparent center, extra ornate corners and a golden shine","Glücksbrett-Gewinn, SPIND › Inventar, LADEN-Karten, Werkstatt-Ergebnis (immer mit Name + Symbol)",,jackpot tier frame
tier_sym_common,Stufen-Symbol Gewöhnlich,Stufen-Rahmen,sprite,64x64,,eine Datei,"small steel-grey tier symbol shaped as a plain circle, beveled with a bright highlight and thin dark outline",Neben dem Stufen-Namen (Farbseh-Einstellung: nie nur Farbe),,common tier symbol
tier_sym_uncommon,Stufen-Symbol Ungewöhnlich,Stufen-Rahmen,sprite,64x64,,eine Datei,"small green tier symbol shaped as a diamond (rhombus), beveled with a bright highlight and thin dark outline",Neben dem Stufen-Namen (Farbseh-Einstellung: nie nur Farbe),,uncommon tier symbol
tier_sym_rare,Stufen-Symbol Selten,Stufen-Rahmen,sprite,64x64,,eine Datei,"small blue tier symbol shaped as a upward triangle, beveled with a bright highlight and thin dark outline",Neben dem Stufen-Namen (Farbseh-Einstellung: nie nur Farbe),,rare tier symbol
tier_sym_epic,Stufen-Symbol Episch,Stufen-Rahmen,sprite,64x64,,eine Datei,"small purple tier symbol shaped as a hexagon, beveled with a bright highlight and thin dark outline",Neben dem Stufen-Namen (Farbseh-Einstellung: nie nur Farbe),,epic tier symbol
tier_sym_jackpot,Stufen-Symbol Hauptgewinn,Stufen-Rahmen,sprite,64x64,,eine Datei,"small gold tier symbol shaped as a crown, beveled with a bright highlight and thin dark outline",Neben dem Stufen-Namen (Farbseh-Einstellung: nie nur Farbe),,jackpot tier symbol
hud_hp_frame,Gesundheits-Rahmen,Kampf-HUD,nineslice,512x96,"112,32,32,32",eine Datei,"health bar frame: semi-transparent near-black slanted bar with a thin gold double border, a square socket with chamfered corners at the left end for a cross icon and a big number, recessed track to the right","Kampf-HUD unten links: Gesundheit (Kreuz, große Zahl, Balken 100 HP); bleibt in der Bauphase sichtbar",ja,health bar frame
hud_hp_chip,Schadens-Rest,Kampf-HUD,nineslice,512x32,"16,8,16,8",eine Datei,"damage chip fill: pale warm-white to light pink strip with soft glow, same shape as the health fill, meant to sit behind it","Heller Balkenteil hinter Gesundheit/Rüstung, schrumpft nach dem echten Wert nach",,damage chip fill
hud_armor_frame,Rüstungs-Rahmen,Kampf-HUD,nineslice,512x80,"96,24,32,24",eine Datei,armor bar frame: slimmer semi-transparent near-black slanted bar with a thin steel-blue and gold border and a small shield-shaped socket at the left end,Kampf-HUD unten links über der Gesundheit: Rüstung „n (x %)“ + Balken,ja,armor bar frame
hud_icon_health,HUD-Kreuz,Kampf-HUD,sprite,96x96,,"normal, deaktiviert (wenig Leben per Rot-Puls)","chunky medical cross: white cross with a red (#D93233) inner fill, thin gold rim and dark outline, beveled, crisp at 2x",Gesundheit im Kampf-HUD; Heilen mit grünem Glanz (fx_shine_sweep grün getintet),ja,HUD health cross
hud_icon_armor,HUD-Schild,Kampf-HUD,sprite,96x96,,"normal, deaktiviert (gebrochen, blinkt)","chunky heater shield: steel-blue (#1D7DBD) face with a gold beveled rim, bright top highlight and dark outline, crisp at 2x",Rüstung im Kampf-HUD; Rüstung bricht: blinkt + fx_armor_shard,ja,HUD armor shield
hud_lowhp_vignette,Wenig-Leben-Vignette,Kampf-HUD,sprite,1024x1024,,eine Datei,"full-screen edge vignette: completely transparent center, deep red (#7C1F17 to #D93233) glow creeping in from all four edges with soft organic falloff",Roter Rand-Puls bei ≤ 25 % Leben (mit Herzschlag-Sound-Hook),,low health red edge vignette
hud_spawn_frame,Spawn-Schutz-Rahmen,Kampf-HUD,nineslice,512x512,"128,128,128,128",eine Datei,"full-screen protection frame: thin glowing gold and pale-blue line just inside the screen edge with soft inner glow and small corner brackets, transparent center",Spawn-Schutz-Rahmen am Bildschirmrand,,spawn protection screen frame
hud_status_slot,Status-Platz,Kampf-HUD,sprite,96x96,,eine Datei (Teamfarbe/Status per Tint),"small round status badge socket: near-black disc with a gold beveled rim and a faint inner shadow, empty center for a status glyph","Status-Leiste über Gesundheit/Rüstung (Buffs gold, Debuffs rot per Tint)",,status effect badge socket
hud_status_ring,Restzeit-Ring,Kampf-HUD,sprite,96x96,,eine Datei,"thin bright golden ring that fits around the status badge rim, transparent center, designed for a radial wipe",Restzeit der Buffs/Debuffs in der Status-Leiste,,status remaining-time ring
status_speed,Status SCHNELLER,Kampf-HUD,icon,128x128,,"eine Datei (Farbe per Tint, deaktiviert per Grau-Tint)",running boot with three speed lines behind it,Status-Leiste im Kampf-HUD: SCHNELLER (im hud_status_slot mit hud_status_ring),,speed boost status icon
status_spawnshield,Status Spawn-Schutz,Kampf-HUD,icon,128x128,,"eine Datei (Farbe per Tint, deaktiviert per Grau-Tint)",shield with a small sparkle star on it,Status-Leiste im Kampf-HUD: Spawn-Schutz (im hud_status_slot mit hud_status_ring),,spawn protection status icon
status_overheat,Status Überhitzt,Kampf-HUD,icon,128x128,,"eine Datei (Farbe per Tint, deaktiviert per Grau-Tint)",flame over a small gun barrel with heat waves,Status-Leiste im Kampf-HUD: Überhitzt (im hud_status_slot mit hud_status_ring),,overheated status icon
status_infected,Status Infiziert,Kampf-HUD,icon,128x128,,"eine Datei (Farbe per Tint, deaktiviert per Grau-Tint)",biohazard-like trefoil made of three round lobes around a small circle,Status-Leiste im Kampf-HUD: Infiziert (im hud_status_slot mit hud_status_ring),,infected status icon
status_flag,Status Flagge tragen,Kampf-HUD,icon,128x128,,"eine Datei (Farbe per Tint, deaktiviert per Grau-Tint)",flag on a short pole carried over a shoulder line,Status-Leiste im Kampf-HUD: Flagge tragen (im hud_status_slot mit hud_status_ring),,flag carrier status icon
status_fever,Status Fieber,Kampf-HUD,icon,128x128,,"eine Datei (Farbe per Tint, deaktiviert per Grau-Tint)",thermometer with three small rising flames,Status-Leiste im Kampf-HUD: Fieber (im hud_status_slot mit hud_status_ring),,fever status icon
status_ghost,Status Geist,Kampf-HUD,icon,128x128,,"eine Datei (Farbe per Tint, deaktiviert per Grau-Tint)",friendly cartoon ghost with two round eyes and a wavy bottom,Status-Leiste im Kampf-HUD: Geist (im hud_status_slot mit hud_status_ring),,ghost status icon
hud_weapon_panel,Waffen-Panel,Kampf-HUD,nineslice,512x160,"56,40,48,40",eine Datei,"weapon info panel: semi-transparent near-black body with a slanted left edge, thin gold double border and a thicker gold bottom line","Kampf-HUD unten rechts: Waffe (Name, Info, „Alternativfeuer: …“, „Zoom: n Stufen“, „KEINE WAFFE“); in der Bauphase sofort gegen die Werkzeugleiste getauscht",ja,weapon info panel
hud_ammo_plate,Munitions-Zähler,Kampf-HUD,nineslice,256x128,"40,32,40,40","normal, Limit (NACHLADEN/KEINE MUNITION)","ammo counter plate: chunky golden-yellow beveled plate with chamfered corners, dark-brown outline, top highlight and thick bottom lip, empty face for a big number",Magazin/Reserve groß bzw. „Stück“; Limit = rot bei NACHLADEN/KEINE MUNITION,ja,ammo counter plate
bar_fill_heat,Hitze-Füllung,Kampf-HUD,nineslice,256x24,"12,6,12,6",eine Datei,heat bar fill: horizontal gradient from gold (#FBB21D) through orange to hot red (#D93233) with a bright top highlight,"Hitze-Balken bei Waffen mit Hitze (in bar_track), ÜBERHITZT",,weapon heat bar fill
hud_weapon_slot,Waffen-Slot,Kampf-HUD,nineslice,192x96,"32,24,32,24","normal, aktiv","weapon slot frame: semi-transparent near-black rectangle with a thin gold border, chamfered corners and a small key tab socket in the top-left corner",4 Waffen-Slots mit Taste und Anzahl (unten rechts),ja,weapon slot frame
hud_hotbar_slot,Hotbar-Platz,Kampf-HUD,nineslice,128x128,"32,32,32,32","normal, aktiv","hotbar item slot: recessed near-black square with a thin gold border, chamfered corners, small key tab socket at the top-left",Hotbar 5–8 mit Abklingzeit (hud_cooldown_ring darüber),ja,hotbar item slot
hud_cooldown_ring,Abklingzeit-Overlay,Kampf-HUD,sprite,128x128,,eine Datei,"cooldown overlay: dark translucent rounded-square disc with a thin bright gold ring edge, designed for a radial wipe in the engine",Abklingzeit auf Hotbar-Plätzen und Werkzeug-Plätzen im Bau-HUD,ja,cooldown overlay
hud_crosshair_line,Fadenkreuz-Strich,Kampf-HUD,sprite,16x48,,eine Datei (Teamfarbe/Status per Tint),"single short crosshair line: white bar with a thin dark outline and soft edges, vertical","Dynamisches Fadenkreuz (4 Striche, Streuung)",ja,crosshair line
hud_crosshair_dot,Fadenkreuz-Punkt,Kampf-HUD,sprite,32x32,,eine Datei (Teamfarbe/Status per Tint),small round white crosshair center dot with a thin dark outline,"Fadenkreuz Mitte, einfaches Fadenkreuz in Plaza/Bauplatz",ja,crosshair center dot
hud_hitmarker,Treffer-Marker,Kampf-HUD,sprite,64x64,,eine Datei (Teamfarbe/Status per Tint),"hit marker: four short white diagonal strokes forming an X around an empty center, thin dark outline",Treffer-Marker am Fadenkreuz,ja,hit marker
hud_killmarker,Kill-Marker,Kampf-HUD,sprite,96x96,,eine Datei (Teamfarbe/Status per Tint),"kill marker: four thicker white diagonal strokes forming a bold X with a small diamond in the center, thin dark outline, meant to be tinted red","Kill-Marker (rot per Tint), Meldung AUSGESCHALTET",ja,kill marker
hud_headshot_marker,Kopftreffer-Marker,Kampf-HUD,sprite,96x96,,eine Datei,"headshot marker: four golden diagonal strokes forming an X with a small golden crown-shaped spark above the center, bright highlight","Kopftreffer-Marker (golden), KOPFTREFFER-Meldung",,headshot marker
hud_damage_arc,Schadensbogen,Kampf-HUD,sprite,256x64,,eine Datei (Teamfarbe/Status per Tint),damage direction indicator: curved red arc segment with a bright center fading to transparent at both ends,Trefferrichtung als rote Bögen am Rand,ja,damage direction arc
hud_grenade_warning,Granatwarnung,Kampf-HUD,sprite,128x128,,eine Datei,grenade warning badge: round red-orange warning disc with a gold rim and a bold dark grenade glyph in the center,"Granatwarnung nahe dem Fadenkreuz, mit hud_offscreen_arrow zur Richtung",,grenade warning badge
hud_offscreen_arrow,Rand-Pfeil,Kampf-HUD,sprite,64x64,,eine Datei (Teamfarbe/Status per Tint),chunky gold arrow head pointing right with bevel and dark outline,"Granatwarnung-Pfeil, Ziele am Bildschirmrand, Coachmarks",,off-screen arrow
hud_scope_mask,Zielfernrohr-Maske,Kampf-HUD,sprite,1024x1024,,eine Datei,scope overlay mask: solid pure black square with a perfectly circular fully transparent lens hole in the middle and a thin dark-gold bevel ring at the lens edge,Zielfernrohr (unter dem HUD),ja,sniper scope mask
hud_death_banner,Todes-Banner,Kampf-HUD,nineslice,1024x224,"256,56,256,56",eine Datei,"wide death screen banner: dark red (#7C1F17) band with gold double lines at top and bottom, a round skull emblem socket in the middle of the top edge area, both ends fading to transparent","Todesbildschirm „AUSGESCHALTET“, „von X · Waffe · Kopftreffer“, Countdown",ja,death screen banner
fx_armor_shard,Rüstungs-Splitter,Kampf-HUD,particle,64x64,,eine Datei · Blend Alpha,single sharp steel-blue armor shard with a bright gold edge highlight,Rüstung bricht (Splitter-Partikel),,armor break shard particle
hud_killfeed_plate,Killfeed-Platte,HUD,nineslice,512x64,"32,16,32,16",eine Datei (Teamfarbe/Status per Tint),killfeed entry plate: semi-transparent near-black strip with a thin gold left edge accent and slanted ends,"Killfeed oben rechts, ReplayViewer-Killfeed",ja,killfeed entry plate
hud_minimap_ring,Radar-Ring,HUD,sprite,256x256,,eine Datei,"minimap frame ring: thick gold beveled circle with four small tick notches at north/east/south/west, rivets, transparent center",Radar oben links (Match),ja,minimap frame ring
hud_objective_marker,Ziel-Marker,HUD,sprite,96x128,,eine Datei (Teamfarbe/Status per Tint),objective marker pin: diamond-shaped gold beveled plate with an empty dark center and a pointed bottom tip,"Ziele in der Welt (Flagge, Platz X, Bombe, Kern, Gesucht) mit Entfernung",ja,objective marker pin
hud_interact_plate,Hinweis-Platte,HUD,nineslice,384x64,"64,16,32,16",eine Datei,interaction hint plate: semi-transparent near-black pill with a gold border and a square key socket at the left end,"„[E] Tür öffnen“, „halten: Bombe legen“, Profil von X, Geschütz",,interaction hint plate
hud_score_plate,Team-Punkte-Platte,HUD,nineslice,256x96,"40,24,40,24",eine Datei (Teamfarbe/Status per Tint),"team score plate: white-grey beveled plate with slanted sides and a darker bottom lip, empty face, meant to be tinted blue or red","Match-Kopf Teamscores (Blau/Rot aufgehellt), Punktestand",,team score plate
hud_radial_segment,Funkrad-Segment,HUD,sprite,256x256,,"normal, deaktiviert (hover/ausgewählt per Tint)",one eighth of a radial menu ring: dark wedge segment with thin gold edges and a slightly brighter outer rim,"Funkrad (Z), 8 Sprüche",,radio wheel segment
hud_nametag_plate,Namensschild-Platte,HUD,nineslice,256x48,"24,12,24,12",eine Datei (Teamfarbe/Status per Tint),small floating name tag plate: semi-transparent near-black pill with a thin gold underline,"Namensschild über Figuren (mit Rollen-Badge), ReplayViewer-Namen",,floating name tag plate
hud_core_frame,Kern-Leiste,HUD,nineslice,768x96,"128,32,48,32",eine Datei,core health bar frame: wide semi-transparent near-black bar with a gold double border and a round socket at the left end holding a small glowing crystal,Verteidigung „KERN n %“ (Füllung bar_fill_gold bzw. bar_fill_hp),,core health bar frame
hud_boss_frame,Boss-Leiste,HUD,nineslice,1024x112,"160,40,160,40",eine Datei,"boss health bar frame: wide ornate near-black bar with thick gold beveled end caps, small skull emblems in both end caps, gold double border","Boss-Leiste „BOSS: NAME n %“ (Verteidigung, Zombie)",,boss health bar frame
hud_world_hpbar,Monster-Leiste,HUD,nineslice,128x24,"12,8,12,8",eine Datei,tiny world-space health bar frame: dark track with a thin gold outline and chamfered ends,Lebensleisten über angeschlagenen Monstern in der Welt,,monster health bar frame
hud_banner,Ansage-Banner,HUD,nineslice,1024x192,"256,48,256,48",eine Datei (Teamfarbe/Status per Tint),"wide announcement banner: near-black band with gold double lines at top and bottom, both ends fading to transparent","Countdown, LOS!, SEITENWECHSEL, DU BIST INFIZIERT, Wartungsband",ja,announcement banner
reward_rays,Strahlenkranz,Belohnung,particle,1024x1024,,eine Datei · Blend additiv,"radial burst of soft golden light rays from the center, alternating wide and thin rays, fading outward","Hinter Truhe, Gewinn und Rang-Aufstieg (dreht sich)",,reward light ray burst
reward_chest_closed,Truhe zu,Belohnung,sprite,256x256,,eine Datei,"closed treasure chest in a three-quarter view: dark wood with chunky gold bands, corner rivets and a gold lock plate","LOBBY Tägliche Belohnung (Truhe mit Badge), Popup Tägliche Belohnung",,closed reward chest
reward_chest_open,Truhe offen,Belohnung,sprite,256x256,,eine Datei,"same treasure chest opened in a three-quarter view, lid tilted back, warm golden light shining out of it",Tägliche Belohnung ABHOLEN (springt auf + Münz-Burst),,open reward chest
reward_banner,Banner-Band,Belohnung,nineslice,512x128,"128,32,128,48",eine Datei,"golden ribbon banner like the sheet: straight beveled center band with folded swallow-tail ends on both sides, empty face","Ergebnis-Titelkarte (SIEG, NIEDERLAGE), Rang-Aufstieg, Geschenk-Banner im LADEN",ja,ribbon banner
reward_pennant,Wimpel,Belohnung,sprite,256x320,,eine Datei,"hanging golden pennant like the sheet: wide beveled plate with a pointed bottom, chamfered top corners, empty face","Ergebnis-Platzierung „n. PLATZ“, Bestenlisten Top 3, Turniere",,hanging pennant
reward_rankup_emblem,Rang-Aufstieg-Emblem,Belohnung,sprite,512x512,,eine Datei,"large golden winged emblem with spread stylized wings, laurel leaves and an empty round socket in the center for a rank badge",Ergebnis-Sequenz „RANG n!“ (Ring-Schockwelle + Funken),,rank-up winged emblem
reward_day_tile,Tages-Kachel,Belohnung,sprite,192x224,,"normal, deaktiviert (abgeholt)","reward day tile: dark card with a gold beveled border, a small gold title plate socket at the top, chamfered corners, empty middle",Tägliche Belohnung (TAG 1–7),,daily reward day tile
reward_board_field,Glücksbrett-Feld,Belohnung,sprite,192x192,,"normal, deaktiviert (aufgedeckt)",face-down prize field: near-black square tile with a gold beveled border and a large embossed golden question mark,LADEN › Glücksbrett (Flip beim Aufdecken),,face-down lucky board field
fx_sparkle,Funkeln,Partikel,particle,64x64,,eine Datei · Blend additiv,four-point star sparkle with long thin rays and a bright white-gold core,"Hover-Glanz, Belohnungen, Stufen-Glow, Rang-Aufstieg",ja,four-point sparkle particle
fx_glow_dot,Leuchtpunkt,Partikel,particle,64x64,,eine Datei · Blend additiv,"soft round glow dot, white center fading to warm gold and transparent edge","Staub, Partikel-Glow, Such-Pille, Slider-Glow",ja,soft glow dot particle
fx_coin,Münze,Partikel,particle,64x64,,eine Datei · Blend Alpha,"small gold coin seen slightly tilted, beveled rim and star emblem, crisp edges","Münz-Burst (Tägliche Belohnung, Ergebnis, LADEN)",,coin particle
fx_shard,Splitter,Partikel,particle,64x64,,eine Datei · Blend Alpha,single sharp amber crystal shard with a bright facet highlight,"ZERLEGEN, Werkstatt kein Erfolg, Splitter-Gewinn",,amber shard particle
fx_confetti,Konfetti,Partikel,particle,128x128,,eine Datei · Blend Alpha,"2x2 sprite sheet of four confetti pieces: gold rectangle, red curl, white strip, small gold star, each centered in its quadrant","SIEG, Rang-Aufstieg, Hauptgewinn",,confetti particle sheet
fx_ember,Funke,Partikel,particle,32x32,,eine Datei · Blend additiv,"tiny elongated hot ember spark, white-yellow core with orange tail","Funken am Rangbalken, Werkstatt-Erfolg, Schmiede",,ember spark particle
fx_ring,Schockwelle,Partikel,particle,256x256,,eine Datei · Blend additiv,"thin bright golden ring with soft inner and outer glow, transparent center","Rang-Aufstieg Ring-Schockwelle, Klick-Puls, Zähler-Puls",,shockwave ring particle
fx_ray,Lichtstrahl,Partikel,particle,64x256,,eine Datei · Blend additiv,"single tapered vertical light ray, bright at the bottom and fading to the top",Strahlen bei Belohnungen und Truhe,,light ray particle
fx_smoke,Rauchwolke,Partikel,particle,128x128,,eine Datei · Blend Alpha,soft round puff of light grey smoke with gentle wispy edges,"Werkstatt kein Erfolg, Truhe öffnen, Bau-Ablehnung",,smoke puff particle
fx_star,Stern,Partikel,particle,64x64,,eine Datei · Blend additiv,small glowing five-point star with soft halo,"Stufen-Partikel (Glücksbrett), Erfolge, Mastery",,glowing star particle
fx_shine_sweep,Glanz-Sweep,Partikel,particle,256x128,,eine Datei · Blend additiv,"soft diagonal shine band: white-gold gradient stripe with feathered edges, brightest in the middle, fading to nothing on both sides","Glanz-Sweep beim Button-Hover, Shimmer auf Balken-Füllungen, Karten-Glanz",ja,shine sweep gradient
fx_gold_dust,Goldstaub,Partikel,particle,128x128,,eine Datei · Blend additiv,"2x2 sprite sheet of four tiny soft gold dust motes of different sizes and blur, each centered in its quadrant",Ruhige Ambient-Partikel im Plaza-HUB und in der LOBBY,,ambient gold dust particle sheet
fx_crack,Riss,Partikel,particle,256x256,,eine Datei · Blend Alpha,"dark jagged crack lines radiating from the center like broken glass, thin and sharp",Werkstatt kein Erfolg (Riss + Shake),,crack overlay
bg_panel_tile,Panel-Textur,Hintergründe,background,256x256,,eine Datei,"seamless tileable near-black panel texture (#0B0B0D) with very subtle hand-painted brush grain and faint warm specks, low contrast",Füllung aller Fenster und Panels (gekachelt),ja,seamless panel texture tile
bg_vignette,Vignette,Hintergründe,sprite,1024x1024,,eine Datei,soft radial vignette: transparent center fading to deep blue-black (#00040A) at the edges,"Plaza-HUB und Esc-Menü über dem geblurrten Spiel, Popups",ja,screen vignette
bg_loading_keyart,Ladebildschirm-Keyart,Hintergründe,background,1920x1080,,eine Datei,"wide key art of a blocky toy-brick plaza at dusk with golden lanterns, a stage and portals, warm gold accents against deep blue-black shadows, empty dark area in the lower third for the logo and progress bar",Ladebildschirm/Fehler (System-Screen),ja,loading screen key art
bg_hub_backdrop,HUB-Hintergrund,Hintergründe,background,1920x1080,,eine Datei,"dark atmospheric backdrop for a game menu: deep blue-black gradient with soft out-of-focus golden bokeh dots and a faint brick pattern, low contrast, calm center","LOBBY hinter dem Podest, Einstellungen, TEAM-Seite",,hub menu backdrop
mock_lobby,Mockup Lobby (Plaza-HUB),Screen-Mockups,mockup,3840x2160,,"eine Datei (Konzept-Mockup, nicht für den Export)","Plaza hub over a softly blurred toy-brick plaza. Top bar: on the left a small logo mark and a key plate ""LB""; in the center six tabs ""LOBBY"" · ""SPIELEN"" · ""ERSTELLEN"" · ""SPIND"" · ""LADEN"" · ""KARRIERE"" with ""LOBBY"" as the active gold tab; then a key plate ""RB""; on the right currency pills for crystals, shards and Brix with small plus buttons, a friends button with ""3"", a bell, an envelope with a red badge ""2"", a red staff shield, a profile chip with rank shield and XP ring, and a gear menu button. Center: the player's blocky character on a round gold-rimmed podium with a soft glow, two party members beside it (the leader wears a small crown), two empty party slots with a gold plus. Bottom right: a mode card ""Team-Deathmatch · Offen"" with a small dark button ""WECHSELN"", below it a very large gold button ""SPIELEN"". Left column: news carousel card ""Map der Woche"" with dots, an event chip ""Gerade: +50 % XP"", a daily missions widget ""TAGESMISSIONEN"" with three progress bars, a treasure chest card with a red badge, a small tutorial card. Footer bar with key hints ""Esc Zurück"" · ""Q/E Reiter"" · ""Enter Auswählen"" · ""Y Sozial""","Konzept-Mockup, nicht für den Export: LOBBY im Plaza-HUB (ÄNDERUNG 1–2)",,Lobby screen in the Plaza hub
mock_play_quick,Mockup SPIELEN › Schnellspiel,Screen-Mockups,mockup,3840x2160,,"eine Datei (Konzept-Mockup, nicht für den Export)","Plaza hub. Top bar: on the left a small logo mark and a key plate ""LB""; in the center six tabs ""LOBBY"" · ""SPIELEN"" · ""ERSTELLEN"" · ""SPIND"" · ""LADEN"" · ""KARRIERE"" with ""SPIELEN"" active; then a key plate ""RB""; on the right currency pills for crystals, shards and Brix with small plus buttons, a friends button with ""3"", a bell, an envelope with a red badge ""2"", a red staff shield, a profile chip with rank shield and XP ring, and a gear menu button. Sub-tabs ""Schnellspiel"" (active) · ""Server-Browser"" · ""Gewertet"" · ""Turniere"" · ""Zuschauen"". Main area: grid of 11 large square mode tiles with gold-framed emblems and names ""Team-Deathmatch"", ""Deathmatch"", ""Flaggenjagd"", ""Entschärfung"", ""Bauen und Zerstören"", ""Freier Fall"", ""Verteidigung"", ""Zombie-Ausbruch"", ""Kopfgeld"", ""Ausbruch"", ""Gemeinsam bauen""; the selected tile has a glowing gold focus frame. Right panel: description of the selected mode and a gold button ""AUSWÄHLEN"". Footer bar with key hints ""Esc Zurück"" · ""Q/E Reiter"" · ""Enter Auswählen"" · ""Y Sozial""","Konzept-Mockup, nicht für den Export: SPIELEN › Schnellspiel (Modus-Kacheln setzen den Lobby-Modus)",,"Play tab, quick play mode selection"
mock_server_browser,Mockup Server-Browser,Screen-Mockups,mockup,3840x2160,,"eine Datei (Konzept-Mockup, nicht für den Export)","Plaza hub. Top bar: on the left a small logo mark and a key plate ""LB""; in the center six tabs ""LOBBY"" · ""SPIELEN"" · ""ERSTELLEN"" · ""SPIND"" · ""LADEN"" · ""KARRIERE"" with ""SPIELEN"" active; then a key plate ""RB""; on the right currency pills for crystals, shards and Brix with small plus buttons, a friends button with ""3"", a bell, an envelope with a red badge ""2"", a red staff shield, a profile chip with rank shield and XP ring, and a gear menu button. Sub-tab ""Server-Browser"" active. Filter row: channel chips ""Anfänger"" · ""Offen"" (selected) · ""Veteranen"" · ""Clan"", a dropdown ""Alle Modi"", a button ""AKTUALISIEREN"", a gold button ""RAUM ERSTELLEN"" on the right. Table header ""RAUM"" · ""MODUS"" · ""MAP"" · ""SPIELER"" · ""STATUS"" and eight dark list rows with small map thumbnails, padlock icons on two rows, a heart icon where friends are inside, gold buttons ""BEITRETEN"" and one disabled ""VOLL"". Footer bar with key hints ""Esc Zurück"" · ""Q/E Reiter"" · ""Enter Auswählen"" · ""Y Sozial""","Konzept-Mockup, nicht für den Export: SPIELEN › Server-Browser",,Server browser room list
mock_locker_loadout,Mockup SPIND › Loadout,Screen-Mockups,mockup,3840x2160,,"eine Datei (Konzept-Mockup, nicht für den Export)","Plaza hub. Top bar: on the left a small logo mark and a key plate ""LB""; in the center six tabs ""LOBBY"" · ""SPIELEN"" · ""ERSTELLEN"" · ""SPIND"" · ""LADEN"" · ""KARRIERE"" with ""SPIND"" active; then a key plate ""RB""; on the right currency pills for crystals, shards and Brix with small plus buttons, a friends button with ""3"", a bell, an envelope with a red badge ""2"", a red staff shield, a profile chip with rank shield and XP ring, and a gear menu button. Sub-tabs ""Loadout"" (active) · ""Aussehen"" · ""Inventar"" · ""Werkstatt"" · ""Testgelände"". Left: the blocky character preview on a podium. Center: slot groups ""Waffen"", ""Kleidung"", ""Accessoires"", ""Hotbar"", ""Werkzeug und Flug"" as rows of square item slots with item icons and small star rows, one empty slot. Right: detail panel of the selected weapon with stat bars and a gold button ""AUSRÜSTEN"". Footer bar with key hints ""Esc Zurück"" · ""Q/E Reiter"" · ""Enter Auswählen"" · ""Y Sozial""","Konzept-Mockup, nicht für den Export: SPIND › Loadout",,"Locker tab, loadout"
mock_shop,Mockup LADEN,Screen-Mockups,mockup,3840x2160,,"eine Datei (Konzept-Mockup, nicht für den Export)","Plaza hub. Top bar: on the left a small logo mark and a key plate ""LB""; in the center six tabs ""LOBBY"" · ""SPIELEN"" · ""ERSTELLEN"" · ""SPIND"" · ""LADEN"" · ""KARRIERE"" with ""LADEN"" active; then a key plate ""RB""; on the right currency pills for crystals, shards and Brix with small plus buttons, a friends button with ""3"", a bell, an envelope with a red badge ""2"", a red staff shield, a profile chip with rank shield and XP ring, and a gear menu button. Sub-tabs ""Empfohlen"" · ""Katalog"" (active) · ""Glücksbrett"". Category bar ""Waffen"" · ""Kleidung"" · ""Accessoires"" · ""Verbrauch"" · ""Bau-Werkzeuge"" · ""Flug"" · ""Map-Slots"" · ""Gems"" · ""Event"". Grid of item cards with colored tier frames, item icons, prices with a gold brick icon, small tags ""-20 %"" and ""BESITZ"". Right detail panel: duration chips ""1 Tag"" · ""7 Tage"" · ""30 Tage"" · ""Dauerhaft"", a gold button ""KAUFEN"" and a dark button ""VERSCHENKEN"". Footer bar with key hints ""Esc Zurück"" · ""Q/E Reiter"" · ""Enter Auswählen"" · ""Y Sozial""","Konzept-Mockup, nicht für den Export: LADEN › Katalog",,"Shop tab, catalog"
mock_career_replays,Mockup KARRIERE › Replays,Screen-Mockups,mockup,3840x2160,,"eine Datei (Konzept-Mockup, nicht für den Export)","Plaza hub. Top bar: on the left a small logo mark and a key plate ""LB""; in the center six tabs ""LOBBY"" · ""SPIELEN"" · ""ERSTELLEN"" · ""SPIND"" · ""LADEN"" · ""KARRIERE"" with ""KARRIERE"" active; then a key plate ""RB""; on the right currency pills for crystals, shards and Brix with small plus buttons, a friends button with ""3"", a bell, an envelope with a red badge ""2"", a red staff shield, a profile chip with rank shield and XP ring, and a gear menu button. Sub-tabs ""Profil"" · ""Match-Verlauf"" · ""Replays & Highlights"" (active) · ""Waffen-Mastery"" · ""Erfolge"" · ""Tagesmissionen"" · ""Bestenlisten"". Segment chips ""Meine Replays"" (selected) · ""Highlights"" · ""Turnier-Replays"". A list of replay cards with map thumbnail, mode, duration and date, a film strip icon and a gold button ""ANSEHEN""; one highlight card ""Spielzug der Runde"". Footer bar with key hints ""Esc Zurück"" · ""Q/E Reiter"" · ""Enter Auswählen"" · ""Y Sozial""","Konzept-Mockup, nicht für den Export: KARRIERE › Replays & Highlights (NEU, Replays für alle)",,"Career tab, replays and highlights"
mock_social_panel,Mockup Sozial-Panel,Screen-Mockups,mockup,3840x2160,,"eine Datei (Konzept-Mockup, nicht für den Export)","The lobby screen dimmed in the background; a tall social side panel slides in from the right edge. Panel tabs ""Freunde"" (active) · ""Party"" · ""Clan"" · ""Post"" · ""Plazas"" · ""Gesperrt"", a search field, friend rows with a green online dot, name and location, small gold buttons ""EINLADEN"", ""FLÜSTERN"", ""FOLGEN"", ""ZUSCHAUEN"" and a ""•••"" button; a section ""Anfragen an dich"" with ""ANNEHMEN"" and ""ABLEHNEN"".","Konzept-Mockup, nicht für den Export: Sozial-Panel (Plaza-HUB; in B und A über das Esc-Menü)",,Social side panel over the lobby
mock_esc_match,Mockup kleines Esc-Menü (Match),Screen-Mockups,mockup,3840x2160,,"eine Datei (Konzept-Mockup, nicht für den Export)","A first-person blocky arena match, softly blurred and darkened. A compact vertical menu panel on the left third: gold header plate ""Team-Deathmatch · Fabrik · Runde 2 · 3:12 · 24 : 19"", menu rows ""ZURÜCK INS SPIEL"" (hover state, lit gold), ""EINSTELLUNGEN"", ""HILFE UND SUPPORT"", ""FEHLER MELDEN"", then red rows ""MATCH VERLASSEN"" and ""SPIEL BEENDEN"". No player list, no tabs.","Konzept-Mockup, nicht für den Export: Kleines Esc-Menü im Match (ÄNDERUNG 2)",,Small pause menu during a match
mock_settings,Mockup Einstellungen,Screen-Mockups,mockup,3840x2160,,"eine Datei (Konzept-Mockup, nicht für den Export)","Fullscreen settings over a dark backdrop. Category tabs at the top ""Grafik"" · ""Sound"" · ""Steuerung"" · ""Controller"" · ""Sprachchat"" · ""Allgemein"" (active) · ""Barrierefreiheit"". Left: setting rows with labels and controls: a dropdown ""Automatisch (System)"", toggles, sliders with gold knobs, a stepped slider, and a row ""UI-Größe"" with segments ""Klein"" · ""Mittel"" (selected) · ""Groß"". Right: a description panel for the focused row. Footer buttons ""ZURÜCKSETZEN"" (dark) and ""ÜBERNEHMEN"" (gold).","Konzept-Mockup, nicht für den Export: Einstellungen (Kategorie-Reiter, UI-Größe, Barrierefreiheit)",,Settings screen
mock_combat_hud,Mockup Kampf-HUD,Screen-Mockups,mockup,3840x2160,,"eine Datei (Konzept-Mockup, nicht für den Export)","First-person view in a blocky toy-brick arena. Bottom left: armor bar above the health bar, a shield icon with ""50 (50 %)"", a red cross icon with a big ""100""; a row of small round status icons with gold time rings above them. Bottom right: weapon panel with weapon name, a big ammo counter ""24 / 90"", four weapon slots with keys ""1"" ""2"" ""3"" ""4"", a hotbar with keys ""5"" ""6"" ""7"" ""8"" and one slot in cooldown. Top center: match clock ""3:12"" between team scores ""24"" (blue) and ""19"" (red). Top right: killfeed with three entries. Top left: radar ring. Center: crosshair with a white hit marker; a red damage arc on the left edge.","Konzept-Mockup, nicht für den Export: Kampf-HUD (ÄNDERUNG 5)",,Combat HUD in a match
mock_build_hud,Mockup Bau-HUD,Screen-Mockups,mockup,3840x2160,,"eine Datei (Konzept-Mockup, nicht für den Export)","Third-person view of a blocky character on a build plot with a half-built brick house. Bottom center: nine brick slots with keys ""1"" to ""9"" and small counters, slot 3 raised with a bright gold frame; above them a status line ""Stein 2×2 · Einzeln · Norden · 120/500"". Bottom right: a separate row of larger tool slots with keys ""T"", ""R"", ""F"", ""Q"", ""X"", ""Z"", ""Y"". Top left: plot info card ""Slot 1 · Mitbauer 2 · Nähe"" and a small symmetry indicator. No health or armor on the build plot.","Konzept-Mockup, nicht für den Export: Bau-HUD (ÄNDERUNG 3)",,Build HUD on a build plot
mock_results,Mockup Ergebnis-Sequenz,Screen-Mockups,mockup,3840x2160,,"eine Datei (Konzept-Mockup, nicht für den Export)","Fullscreen results sequence over a darkened arena: a huge gold ribbon banner with the word ""SIEG"", golden light rays rotating behind it, confetti. Below: counters ""+250 XP"" and ""+120 Brix"" with small icons, a rank bar ""RANG 12"" filling with sparks, and a hint ""Klicken für die Tabelle"".","Konzept-Mockup, nicht für den Export: Ergebnis-Sequenz (Belohnung, Rang-Aufstieg)",,Match results sequence
