bereich,titel,klasse,knoepfe,unterdialoge,neuer_ort,zugang_alt,zugang_neu,modi,bedingungen,ebene_alt,ebene_neu,status
Einstieg & System,"Ladebildschirm, Anmeldung, Fehler",LoadingScreen · LoadingScreen.cs,ERNEUT VERSUCHEN | BEENDEN,"Inhalt: Logo „BRIXEL“, Zeile „Bauen. Treffen. Spielen.“, Status, Detail, Fortschrittsbalken, „Version x   Protokoll y“ | Statuszeilen: Anmeldung wird geprüft · Verbinde mit dem Server · Welt wird geladen · Charakter wird erstellt · Instanz wird gewechselt · „Verbindung verloren – verbinde neu …“ | Fehler: Konto gesperrt · Vom Server entfernt · Wartung · Verbindung fehlgeschlagen · Anmeldung nicht möglich, Details aus GameClient.Fail","System-Screen Ladebildschirm/Fehler (eigenständig, neu gestaltet) | Fehler als Fehlerkarte mit Titel, Detail, ERNEUT VERSUCHEN, BEENDEN | Statuszeilen und Reconnect-Zeile bleiben","Vollbild-Overlay | automatisch, solange nicht im Spiel (Anmeldung über das Ticket des Launchers, Instanzwechsel, Verbindungsverlust); kein eigenes Login- oder Verbinden-Fenster","automatisch wie heute (Start über das Launcher-Ticket, Instanzwechsel, Neuverbinden) | Sperre, Kick und Wartung erscheinen hier als Fehlerkarte","alle Modi (automatisch, solange nicht im Spiel)","ERNEUT VERSUCHEN weiter nicht bei Ticket-, Sitzungs-, Versions- und Sperr-Fehlern | Reconnect-Zeile „Verbindung verloren – verbinde neu …“ bleibt | kein Login-Fenster (Launcher-Ticket)",Ord 100,100 (System),bleibt
Einstieg & System,"Hinweise zu Sanktionen, Wartung, Support",kein eigenes Fenster,NEU: Glocke (Benachrichtigungen mit Verlauf),"Sanktionen (Core/Social/Sanctions.cs): „Du bist stummgeschaltet (…)“, „Dein Konto ist (dauerhaft) gesperrt …“, „Du wurdest vom Server entfernt.“ | Wartungs-Kick: Ladebildschirm mit Titel „Wartung“ | Support-Antwort: Toast und Systemzeile „Der Support hat auf dein Ticket … geantwortet. Esc → Hilfe und Support.“","Toast in der Toast-Ebene über den Menüs (NEU) + Chat-Systemzeile (HUD) + Glocke mit Verlauf in der Top-Leiste des Plaza-Hubs (NEU) | Sperre, Kick und Wartung → Fehlerkarte im Ladebildschirm | Support-Antwort zusätzlich als Benachrichtigungskarte oben rechts; Text „Esc → Hilfe und Support“ wird auf den neuen Weg umgeschrieben (Plaza: System-Menü › Hilfe und Support; M und B: kleines Esc-Menü HILFE UND SUPPORT; A: EINSTELLUNGEN › Allgemein › Hilfe)","Toast / Chat-Systemzeile | Fehlertitel im Ladebildschirm (Sperre, Entfernen, Wartungs-Kick) | automatisch vom Server","automatisch (Toast, Chat-Systemzeile, Benachrichtigungskarte, Fehlerkarte) | nachlesen im Plaza-Hub über die Glocke (NEU) | Support-Antwort → System-Menü › Hilfe und Support bzw. kleines Esc-Menü HILFE UND SUPPORT (M, B); auf A über EINSTELLUNGEN › Allgemein › Hilfe","alle Modi (P, B, M, A); Glocke nur im Plaza-Hub","Stummschaltung als Toast/Systemzeile, Sperre/Kick/Wartung als Fehlerkarte | Support-Antwort nur bei eingeschaltetem Schalter Hilfe und Support","— (Toast und Chat im HUD Ord 10, Fehlertitel Ord 100)","70 (Toast, Benachrichtigungskarte) | 10 (Chat-Systemzeile) | 40 (Glocke im Hub) | 100 (Fehlerkarte)",NEU-Teil
Einstieg & System,Was ist neu,WhatsNewPanel · WhatsNewPanel.cs,LOS GEHT'S,"Titel „Was ist neu in <Version>“, Untertitel „Die wichtigsten Änderungen dieser Version.“ | scrollbare Notizen",Popup in der Popup-Warteschlange (NEU; Reihenfolge Was ist neu → Tägliche Belohnung → Einführung-Begrüßung),Modal (whats_new) | automatisch einmal je Version,automatisch einmal je Version über die Popup-Warteschlange (NEU),automatisch (das Inventar nennt keinen Modus),"automatisch nur einmal je Version | schließt mit LOS GEHT'S oder Esc | wartet in der Warteschlange, bis das vorige Popup zu ist",Ord 47,"58 (Popups; NEU über den Einstellungen 44, alt 47 lag unter Einstellungen 50)",NEU-Teil
Einstieg & System,Tägliche Belohnung,LoginRewardPanel · LoginRewardPanel.cs,ABHOLEN | SCHLIESSEN,Titel „Tägliche Belohnung“ | Serien-Zeile | 7 Kacheln „TAG n“ / „TAG n · ABGEHOLT“ | Statuszeile | Knopf nach dem Abholen „ABGEHOLT“,"Popup in der Popup-Warteschlange (NEU, nach Was ist neu) | Plaza-Hub › LOBBY › Widget „Tägliche Belohnung“ (Truhe mit Badge „abholbar“) öffnet das Popup","Modal (login_reward) | P | automatisch in der Plaza, wenn etwas abzuholen ist | Esc-Menü „Tägliche Belohnung (· abholbar)“ (nur Plaza, Schalter)",automatisch in der Plaza über die Popup-Warteschlange | Plaza-Hub › LOBBY › Truhe „Tägliche Belohnung“ (ersetzt die Esc-Zeile; Badge = Zähler „abholbar“),P,"nur Plaza (wie heute) | Schalter muss an sein, sonst weder Popup noch Truhe",Ord 47,"58 (Popup/Belohnung; NEU über den Einstellungen 44, alt 47 lag unter Einstellungen 50) | 40 (LOBBY-Widget)",aufgeteilt
Einstieg & System,Einführung,TutorialHud · TutorialHud.cs,LOS GEHT'S | WEITER | NEU STARTEN | ÜBERSPRINGEN | SCHLIESSEN,"Karte oben: „Einführung i/n: <Schritt>“, Fortschritt, Hinweis „(noch x m)“, grüner Balken, Ziel-Station leuchtet | Dialog: „Willkommen in Brixel!“ / „Einführung“ / „Einführung abgeschlossen“ / „Einführung übersprungen“ | Abschluss-Toast „Einführung geschafft! +x Brix“","Karte oben → HUD (neu gestaltet); die Schritte führen per Coachmark durch die Hub-Reiter statt zu leuchtenden Stationen (Leuchten entfällt) | Begrüßung „Willkommen in Brixel!“ → Popup-Warteschlange (NEU, nach Tägliche Belohnung) | Dialog → Plaza-Hub › LOBBY › Einführungskarte für neue Spieler | Abschluss-Toast → Toast-Ebene",HUD-Karte + Dialog (Modal tutorial) | P | Karte automatisch während der Einführung | Dialog automatisch als Begrüßung | Esc-Menü „Einführung“ (nur Plaza),Karte automatisch im HUD | Begrüßung automatisch über die Popup-Warteschlange | Plaza-Hub › LOBBY › Einführungskarte (ersetzt die Esc-Zeile) | Coachmarks auf den Hub-Reitern,P,nur Plaza (wie heute) | Karte nicht im Match und nicht bei offenen Einstellungen | Ziel-Stationen leuchten nicht mehr (Stationen sind kein UI),Ord 13,"13 (HUD-Karte) | 41 (Coachmarks und Einführungs-Hinweis über dem Hub, NEU) | 40 (LOBBY-Karte) | 58 (Begrüßung; NEU über den Einstellungen) | 70 (Toast)",aufgeteilt
Einstieg & System,Wartungsstreifen,LiveHud · LiveHud.cs,—,oben Mitte: „Wartung in m:ss“ und Meldung (Standard „Dein Fortschritt wird gespeichert.“),"Wartungsband oben Mitte über allen Menüs (NEU: auch über Hub, kleinem Esc-Menü und Einstellungen sichtbar)","HUD-Streifen | automatisch, letzte 15 Min. vor Wartung","automatisch, letzte 15 Min. vor Wartung (wie heute)","alle Modi (P, B, M, A)",nur in den letzten 15 Min. vor einer Wartung | danach Wartungs-Kick als Fehlerkarte im Ladebildschirm,Ord 39,"70 (Wartungsband, NEU über den Menüs)",NEU-Teil
Einstieg & System,Bühnen-Banner,StageHud · StageHud.cs,SCHLIESSEN,"Karte oben: „<ART> · BÜHNE“, Titel, Text","Benachrichtigungskarte oben rechts (Bühnen-Banner), neu gestaltet, über den Menüs | Ankündigungen auch im LOBBY-Karussell",Overlay-Karte | automatisch bei einer Bühnen-Ankündigung,automatisch als Benachrichtigungskarte | nachlesbar über die Glocke im Plaza-Hub (NEU) | Ankündigungen im Plaza-Hub › LOBBY › Karussell,alle Modi (im Match erst nach der Runde),während einer laufenden Match-Runde wartet das Banner (wie heute),Ord 41,70 (Benachrichtigungen),verschoben
Ingame-HUD,Basis-HUD,HudController · HudController.cs,NEU: Werkzeug-Modus (T) | NEU: Drehen (R) | NEU: Brick aufnehmen (Mittelklick) | NEU: Fliegen (F) | NEU: Palette (Q) | NEU: Bauvorlagen (X) | NEU: Rückgängig (Z) | NEU: Wiederholen (Y) | NEU: Bau-Werkzeug-Plätze (ausgerüstete Bau-Werkzeuge),"Oben links: Info-Leiste (Map, n Spieler, Name), Post-Zähler (Umschlag, bis „99+“), FPS/Ping | Mitte: Fadenkreuz, Toast (3,5 s), Hinweis unten Mitte „[E] …“ (Station, Tür, „Profil von X“, Match-Hinweise) | Chat (unten links): 9 Zeilen, Verlauf 200, Funk und Flüstern, Eingabe „Nachricht schreiben“ (Modal chat) | Brick-Leiste (Bauen): 9 Plätze 1–9, Statuszeile „<Brick> · Einzeln/Linie/Ersetzen · Norden/Osten/Süden/Westen · n/Limit“ | Eingebaute Widgets: VoiceHud (Mikrofon-Pille, Nähe/Map-weit, Sprecherliste), MissionsWidget (nur Plaza)","HUD (neu gestaltet): Info-Leiste, Post-Zähler, FPS/Ping, Fadenkreuz, Hinweis, Chat, VoiceHud, MissionsWidget bleiben | Brick-Leiste → Bau-HUD: unten Mitte 9 Brick-Plätze (1–9, Mausrad) mit Brick-Symbol und Limit-Zähler, aktiver Platz goldgerahmt und angehoben, darüber die Statuszeile; NEU unten rechts Werkzeug-Leiste mit Tasten: Werkzeug-Modus T, Drehen R, Brick aufnehmen (Mittelklick), Fliegen F, Palette Q, Bauvorlagen X, Rückgängig Z / Wiederholen Y (mit Zähler), ausgerüstete Bau-Werkzeuge aus SPIND › Loadout (Abklingzeit/Anzahl); NEU oben links Bauplatz-Info (Map/Slot, Mitbauer da, Sprachchat Nähe/Map-weit), Symmetrie-Anzeige und Auswahl-Info bei aktiven Bauvorlagen | Toast → Toast-Ebene über den Menüs (NEU) | Hinweis „[E] <Station> - <Hinweis>“ entfällt (Stationen sind kein UI); Tür, „Profil von X“ und Match-Hinweise bleiben | MissionsWidget nicht klickbar (Weg: Plaza-Hub › LOBBY-Widget bzw. KARRIERE › Tagesmissionen)","HUD | alle Modi | aus, solange Einstellungen offen | Chat-Eingabe: Enter (Modal chat), Esc schließt | Brick-Leiste: Ziffern 1–9 und Mausrad","immer sichtbar wie heute | Chat: Enter öffnet und sendet, Esc schließt | Bau-HUD automatisch auf dem Bauplatz und in der Bauphase; Werkzeug-Leiste per Klick oder Taste (NEU) | Post: im Plaza-Hub Top-Leiste Post → Sozial-Panel › Post | Tagesmissionen: Plaza-Hub › LOBBY-Widget bzw. KARRIERE › Tagesmissionen","P, B, M, A | Bau-HUD: B und M in der Bauphase | MissionsWidget: nur P","aus, solange Einstellungen offen | Post-Zähler nur bei ungelesener Post | FPS/Ping je nach Einstellung | einfaches Fadenkreuz nur ohne Kampf-HUD, nicht in der Frontkamera | NEU: in der Bauphase im Match bleiben Gesundheit, Rüstung und Status-Leiste unten links, nur der Waffenbereich unten rechts wird sofort (ohne Überblenden) gegen die Werkzeug-Leiste getauscht; auf dem Bauplatz keine Gesundheit und Rüstung | Werkzeug-Leiste zeigt nur, was im Modus heute erlaubt ist (Palette und Bauvorlagen wie heute nur B) | NEU: HUD-Zustände (Platz, Werkzeug, HUD-Modus) schalten sofort; Bau-Ablehnung als roter Puls am Werkzeug + Toast; Limit erreicht → Platz rot + Shake; kleiner Bounce beim Platz-Wechsel verzögert die Anzeige nie | NEU: Statuszeile des Bau-HUD zeigt nur den Brick-Namen, „n/Limit“ nur bei begrenzten Bricks",Ord 10,"10 (HUD inkl. Bau-HUD) | 70 (Toast, NEU)",NEU-Teil
Ingame-HUD,Kampf-HUD,"CombatHud · CombatHud.cs, CombatHud.Items.cs",—,"Unten: Gesundheit, Rüstung, Waffe (Name, Info, Alternativfeuer/Zoom, „KEINE WAFFE“), Magazin und Reserve, 4 Waffen-Slots, Hotbar 5–8 | Mitte und Rand: dynamisches Fadenkreuz, Trefferkreuz, Trefferrichtung, KOPFTREFFER/AUSGESCHALTET/ASSIST, NACHLADEN/KEINE MUNITION/ÜBERHITZT, Spawn-Schutz, SCHNELLER, Granatwarnung | Oben rechts: Killfeed | Todesbildschirm: „AUSGESCHALTET“, Detail, Countdown | Schießstand-Karte: „SCHIESSSTAND“, letzter Treffer, Zonenzähler | Eigene Canvases: Zielfernrohr (Maske, roter Punkt, Zoom), Blendung (weißes Vollbild)","HUD (neu gestaltet) | unten links: Rüstung über Gesundheit (Kreuz, große Zahl, Balken 100 HP; Schild, „n (x %)“, Balken), darüber NEU Status-Leiste mit Buff/Debuff-Icons und Restzeit-Ring (Tempo „SCHNELLER“, Spawn-Schutz, Überhitzt, Infiziert, Flagge tragen, Fieber, Geist) | unten rechts: Waffe, Magazin/Reserve groß bzw. „Stück“ und Hitze-Balken, 4 Waffen-Slots, Hotbar 5–8, Warnungen NACHLADEN/KEINE MUNITION/ÜBERHITZT | Rand: Trefferrichtung als rote Bögen, Treffer-/Kill-Marker, Granatwarnung mit Pfeil, Spawn-Schutz-Rahmen | oben rechts Killfeed | Todesbildschirm wie im Inventar | Schießstand-Karte bleibt | Zielfernrohr als eigene Ebene unter dem HUD | Blendung als HUD-Effekt über dem HUD, unter allen Menüs","HUD | M, Schießstand | automatisch",automatisch wie heute (Match; Schießstand in der Plaza),M | P (Schießstand),"nur im Match und am Schießstand | Schießstand: „Spieler nehmen hier keinen Schaden.“ | NEU: Werte schalten sofort, ein heller „Schadens-Rest“ schrumpft danach nach; Heilen mit grünem Glanz; Rüstungsbruch mit Splitter-Partikeln und blinkendem Schild; ≤ 25 % Leben: roter Balken-Puls, Rand-Vignette, Herzschlag-Sound-Hook | NEU: in der Bauphase bleiben Gesundheit, Rüstung und Status unten links, nur der Waffenbereich wird sofort gegen die Werkzeug-Leiste des Bau-HUD getauscht",Ord 11 | Zielfernrohr Ord 9 | Blendung Ord 35,"11 (HUD) | 9 (Zielfernrohr) | 20 (Blendung, HUD-Effekte)",bleibt
Ingame-HUD,Match-Kopf,MatchHud · MatchHud.cs,—,"Uhr oben Mitte, Teamscores in Teamfarbe, Phase WARTERAUM / GLEICH GEHT'S LOS / ERGEBNIS / GLEICH / BAUPHASE / RUNDENENDE / RUNDE n/m | „Führung: X (n)“ (jeder gegen jeden) | Countdown-Banner: große Zahl, „Das Match beginnt“, „LOS!“ mit Teamname oder „Viel Glück“ | Warte-Hinweis „Start in n s“ / „Warteraum“",HUD (neu gestaltet); Teamfarben Blau/Rot für das HUD aufgehellt,HUD | M | automatisch,automatisch wie heute,M,nur im Match | „Führung“ nur bei jeder gegen jeden,Ord 12,12 (HUD),bleibt
Ingame-HUD,Ziele,ObjectiveHud · ObjectiveHud.cs,—,"Marker in der Welt bzw. am Rand mit Pfeil (Flagge, „Flagge liegt“, Träger, „Abgabe X“, „Platz X“, Bombe, „Kern Blau/Rot n %“, „Gesucht: X“; Entfernung, Timer) | Ansage-Banner (auch „SEITENWECHSEL“) | Aktionsbalken „Bombe wird gelegt · Platz X“ / „Bombe wird entschärft“ | Träger-Hinweis „Du trägst die Flagge! …“, Fieber (Freier Fall)",HUD (neu gestaltet) | Flagge tragen und Fieber zusätzlich als Icon in der Status-Leiste des Kampf-HUD (NEU),HUD | M | automatisch,automatisch wie heute,M,"nur im Match, je nach Modus",Ord 10,10 (HUD),bleibt
Ingame-HUD,Radar,RadarHud · RadarHud.cs,—,"oben links: Ringe, „N“, Reichweite „n m“, Pfeil für die eigene Figur, Punkte",HUD (neu gestaltet),HUD | M | automatisch,automatisch wie heute,M,nur im Match,Ord 10,10 (HUD),bleibt
Ingame-HUD,Überleben,SurvivalHud · SurvivalHud.cs,—,"Verteidigung: „KERN n %“, „WELLE n/m · n ÜBRIG“ bzw. „WELLE n IN n s“, Boss-Leiste „BOSS: NAME n %“ | Zombie: grüne Vignette, Banner „DU BIST INFIZIERT“ / „Stecke die Überlebenden mit deinen Klauen an.“",HUD (neu gestaltet); Kern-Leiste „KERN n %“ und Boss-Leiste „BOSS: NAME n %“ im Stil der Lebensleisten des Kampf-HUD | Infiziert zusätzlich als Icon in der Status-Leiste (NEU),"HUD | M (Verteidigung, Zombie) | automatisch",automatisch wie heute,"M (Verteidigung, Zombie)",nur in Verteidigung und Zombie-Ausbruch,Ord 11,11 (HUD),bleibt
Ingame-HUD,Party,PartyHud · PartyHud.cs,ANNEHMEN | ABLEHNEN | ABBRECHEN,"Liste rechts (Ord 12): „PARTY n / m“, Zeilen mit Krone, Online-Punkt, Ort | Einladungs-Karte oben (Canvas „PartyHudTop“, Ord 41): „X lädt dich in eine Party ein“, „noch n s · n Mitglieder“ | Folgen-Karte: „Folge X …“ mit Balken, „Ziel · in n s“","Liste → HUD (neu gestaltet); im Plaza-Hub zeigt die LOBBY die Party als Figuren (Krone für den Leiter, „+“ für leere Plätze, Bereit-Status NEU) | Einladungs-Karte → Benachrichtigungskarte oben rechts mit Timer-Ring | Folgen-Karte → Benachrichtigungskarte | Verwaltung im Sozial-Panel › Party","HUD + Karten | P, B, A | Liste automatisch in einer Party | Einladungs-Karte bei einer Einladung | Folgen-Karte beim Folgen (z. B. Freunde „FOLGEN“) | Esc bricht das Folgen ab","automatisch wie heute | Einladungen auch im Sozial-Panel › Party „Einladungen an dich“ | Folgen über Sozial-Panel › Freunde „FOLGEN“ | Esc bricht ein laufendes Folgen zuerst ab, erst das nächste Esc öffnet Hub bzw. kleines Esc-Menü","P, B, A (Liste, Einladungs- und Folgen-Karte wie heute)","Liste nicht im Match | Einladung läuft nach „noch n s“ ab | Esc bricht das Folgen ab (wie heute „Esc bricht ebenfalls ab“), bevor ein Menü aufgeht",Ord 12 / 41,12 (Liste) | 70 (Karten) | 40 (LOBBY-Figuren im Hub),aufgeteilt
Ingame-HUD,Foto-Modus,PhotoMode · PhotoMode.cs,BEENDEN | FOTO | ALS VORSCHAUBILD,"Infozeile „Foto-Modus · n / 40 m · …“ | Filter-Chips Normal, Warm, Kalt, Schwarzweiß, Sepia, Kräftig, Verträumt + Chip „Tiefenschärfe“ | Regler Fokus, Blende, Sichtfeld, Rollen | Toasts „Foto gespeichert.“, „Das Bild ist zu groß für ein Vorschaubild.“","Overlay-Leiste Foto-Modus (eigenständig, neu gestaltet); Toasts in der Toast-Ebene","Overlay-Leiste (Modal photo) | Taste P | Esc-Menü „Foto-Modus“ | im Replay immer | schließt mit Esc, P oder BEENDEN",Taste P | Plaza-Hub › System-Menü (Zahnrad) › Foto-Modus | kleines Esc-Menü FOTO-MODUS (B) | im ReplayViewer immer | im Match als Geist/Zuschauer per P,"P, B | M nur als Geist/Zuschauer | Replay immer","blendet HUD und Menüs aus | NEU: blendet auch die Ebene 70 (Toasts, Benachrichtigungen, Wartungsband) aus, außer den eigenen Foto-Toasts | ALS VORSCHAUBILD nur für den Inhaber auf dem Bauplatz | schließt mit Esc, P oder BEENDEN",Ord 60,60 (Foto; Ebene 70 ist während des Foto-Modus ausgeblendet),bleibt
Menü & Navigation,Esc-Menü,MenuPanel · MenuPanel.cs,"WEITER | EINSTELLUNGEN | MEIN PROFIL | ZUR PLAZA | SPIEL BEENDEN | NEU: ZURÜCK INS SPIEL (kleines Esc-Menü, ersetzt WEITER) | NEU: BAUPLATZ VERWALTEN (kleines Esc-Menü B) | NEU: SOZIAL (kleines Esc-Menü B, A) | NEU: FOTO-MODUS (System-Menü, kleines Esc-Menü B) | NEU: HILFE UND SUPPORT (System-Menü, kleines Esc-Menü M, B) | NEU: FEHLER MELDEN (System-Menü, kleines Esc-Menü M, B) | NEU: TEAM (TEAM-Schild, kleines Esc-Menü A und B) | NEU: TEAM-WERKZEUGE (kleines Esc-Menü B, A; nur Staff) | NEU: MATCH VERLASSEN (kleines Esc-Menü M; heute ZUR PLAZA im Match)","Kopf: Titel = Map-Name, Hinweis „Stationen direkt benutzen“ | Linke Liste (Farbmarker, in dieser Reihenfolge) | Rechte Knöpfe","P: Plaza-Hub mit Reitern LOBBY · SPIELEN · ERSTELLEN · SPIND · LADEN · KARRIERE, Top-Leiste (Such-Pille, Währungen, Freunde-/Party-Knopf, Glocke, Post, TEAM-Schild, Profil-Chip, System-Knopf) und Fußleiste (Tastenhinweise + Statuszeile) | M, B, A: kleines Esc-Menü (NEU) über dem leicht geblurrten Spiel; M = ZURÜCK INS SPIEL · EINSTELLUNGEN · HILFE UND SUPPORT · FEHLER MELDEN · MATCH VERLASSEN · SPIEL BEENDEN (keine Spielerliste); B = ZURÜCK INS SPIEL · BAUPLATZ VERWALTEN · TEAM (nur Staff, NEU) · TEAM-WERKZEUGE (nur Staff, NEU) · SOZIAL · FOTO-MODUS · EINSTELLUNGEN · HILFE UND SUPPORT · FEHLER MELDEN · ZUR PLAZA · SPIEL BEENDEN; A = ZURÜCK INS SPIEL · TEAM (nur Staff) · TEAM-WERKZEUGE (nur Staff, NEU) · SOZIAL · EINSTELLUNGEN · ZUR PLAZA · SPIEL BEENDEN | Kopf: Titel = Map-Name → Kopfzeile des kleinen Esc-Menüs mit Map-Name (M: Modus · Map · Runde/Zeit · Stand), im Plaza-Hub Logo; „Stationen direkt benutzen“ → entfällt | Linke Liste: „Bauplatz verwalten“ → kleines Esc-Menü BAUPLATZ VERWALTEN (B) → Bauplatz-Fenster (NEU: Name); Stationen der Instanz → entfällt (Stationen sind kein UI, ihre Fenster liegen in den Hub-Reitern); „(bald)“ → entfällt; „Freunde und Gruppen · n online · n neu“ → Top-Leiste Freunde-/Party-Knopf mit Online-Zahl → Sozial-Panel (Zähler „n online · n neu“), in B und A kleines Esc-Menü SOZIAL; „Post · n ungelesen“ → Top-Leiste Post (Zähler „99+“) → Sozial-Panel › Post, in B und A über SOZIAL › Post; „Zu Freunden wechseln“ → Sozial-Panel › Plazas; „Foto-Modus“ → System-Menü › Foto-Modus (P), kleines Esc-Menü FOTO-MODUS (B); „Tägliche Belohnung“ → LOBBY-Widget Truhe mit Badge „abholbar“ (P, Schalter); „Hilfe und Support · neue Antwort“ → System-Menü › Hilfe und Support (P), kleines Esc-Menü HILFE UND SUPPORT (M, B; öffnet das Support-Fenster als eigenes Modal), Zähler „neue Antwort“ an beiden Einträgen; „Fehler melden“ → System-Menü › Fehler melden (P), kleines Esc-Menü FEHLER MELDEN (M, B); „Gewertet · Suche läuft“ → SPIELEN › Gewertet (Zähler „Suche läuft“) + Such-Pille; „Turniere“ → SPIELEN › Turniere; „Einführung“ → LOBBY › Einführungskarte; „Zuschauen“ → SPIELEN › Zuschauen; Rollen-Menüs (roter Marker) → TEAM-Schild (rot) → TEAM-Seite (P), kleines Esc-Menü TEAM (A, NEU auch B) | Rechte Knöpfe: „WEITER“ → ZURÜCK INS SPIEL (NEU, kleines Esc-Menü), im Plaza-Hub Esc/B (Fußleiste „Esc/B Zurück“); EINSTELLUNGEN → System-Menü › Einstellungen (P), kleines Esc-Menü EINSTELLUNGEN (M, B, A); MEIN PROFIL → Profil-Chip → KARRIERE › Profil (NEU: nur P); ZUR PLAZA → kleines Esc-Menü ZUR PLAZA (B, A); ZUR PLAZA im Match → MATCH VERLASSEN (NEU); SPIEL BEENDEN → System-Menü › Spiel beenden (P), kleines Esc-Menü SPIEL BEENDEN (M, B, A)",Modal (menu) | Esc · alle Modi (ohne offenes Fenster) | Gamepad Start wie Esc | schließen mit Esc oder WEITER,"Esc ohne offenes Fenster: P → Plaza-Hub (Standard-Reiter LOBBY), M/B/A → kleines Esc-Menü | Gamepad Start wie Esc | Hub: Reiter Q/E bzw. LB/RB, Unterreiter 1–9 bzw. LT/RT, Y Sozial, Enter/A Auswählen | Esc/B geht eine Ebene zurück (Unterdialog → Seite → Menü zu)","P (Hub, NEU: nur Plaza) | M, B, A (kleines Esc-Menü, NEU)","NEU: Hub nur in der Plaza | NEU: kleines Esc-Menü je Modus; kein Sozial und kein TEAM im Match (wie heute) | TEAM nur mit Rolle; im kleinen Esc-Menü auf A und B (NEU auf B, dazu TEAM-WERKZEUGE), nicht im Match | FOTO-MODUS im kleinen Esc-Menü nur B (Plaza über das System-Menü) | HILFE UND SUPPORT und FEHLER MELDEN je nach Schalter; NEU: im kleinen Esc-Menü nur M und B, auf A über EINSTELLUNGEN › Allgemein › Hilfe | NEU: MEIN PROFIL außerhalb der Plaza nicht mehr im Esc-Menü | „Bauplatz verwalten“ nur B | ZUR PLAZA nur außerhalb der Plaza | Hub ist modal: Q/E und 1–9 kollidieren nicht mit Palette Q und Benutzen E | Esc bricht zuerst ein laufendes Folgen ab (wie heute), erst dann öffnet es ein Menü",Ord 40,"40 (Hub, kleines Esc-Menü, System-Menü; unter Ergebnis 43 und Ergebnis-Sequenz 45 wie heute) | 42 (Sozial-Panel)",aufgeteilt
Menü & Navigation,Spielerliste,PlayerListPanel · PlayerListPanel.cs,SCHLIESSEN,"Titel = Map, Untertitel „Bauplatz von X · n Spieler hier“ | Karte je Spieler: Kennzeichen, Name, „(du)“, Rolle „Inhaber“/„Mitbauer“, Knopf „•••“, Sprecher-Punkt | Zeilenklick öffnet das Profil","einheitliche Tab-Liste (eine Komponente zusammen mit dem Punktestand): Variante Plaza/Asset-Karte = Spielerliste (Kennzeichen, Name, Rang, Party/Freund, Sprecher); Variante Bauplatz = dazu Rolle Inhaber/Mitbauer/Zu Besuch | „•••“ → Spieler-Aktionen; Zeilenklick → Profil-Popup | SCHLIESSEN bleibt; Tab oder Esc schließen weiter","Modal (player_list) | Tab · P, B, A | schließt mit Tab, Esc oder SCHLIESSEN","Taste Tab (P, B, A) wie heute | Anheften per Rechtsklick (NEU) | im Match dieselbe Tab-Liste in der Punktestand-Variante","P, B, A","im Match übernehmen Warteraum und Punktestand die Taste Tab (wie heute) | NEU: Anheften per Rechtsklick auch in P, B, A",Ord 40,31 (Tab-Liste),zusammengelegt
Menü & Navigation,Funkrad,RadioMenu · RadioMenu.cs,—,Mitte „FUNK“ / „an dein Team“ bzw. „nur in Team-Modi“ | 8 Sprüche mit Ziffer 1–8: Folgt mir! · Brauche Hilfe! · Gegner gesichtet! · Deckt mich! · Ziel angreifen! · Ziel verteidigen! · Verstanden. · Negativ.,"Funkrad als Radial-Overlay (eigenständig, neu gestaltet)","Overlay (radio) | Taste Z · M | schließt mit Esc, Z oder Klick auf den Schatten","Taste Z (M) wie heute | schließt mit Esc, Z oder Klick auf den Schatten",M,an das Team nur in Team-Modi („nur in Team-Modi“),Ord 40,33 (Vollbild-Screens),bleibt
Menü & Navigation,Gamepad-Navigation,PadNavigator · PadNavigator.cs,—,setzt den Fokus im obersten offenen Fenster (unsichtbar),"Fokus-Ring mit Fokus-Glühen für alle Screens (Hub, kleines Esc-Menü, Sozial-Panel, Einstellungen, Dialoge, Popups, Tab-Liste)",unsichtbar | automatisch im obersten offenen Fenster,"automatisch | Gamepad: Start = Hub bzw. kleines Esc-Menü, B = eine Ebene zurück, LB/RB Reiter, LT/RT Unterreiter, A Auswählen, Y Sozial",alle Modi,Fokus immer im obersten offenen Screen,—,— (alle Ebenen),bleibt
Plaza-Stationen & Fenster,Laden,ShopPanel · ShopPanel.cs,KAUFEN · Preis | VERSCHENKEN | JETZT KAUFEN | ABBRECHEN | NEU: ZURÜCK ZUR NACHRICHT (Geschenk-Modus),"Kopf: „Laden“, Untertitel, Guthaben-Pillen Kristalle/Splitter/Brix | Seitenleiste (aus den Inhalten): Waffen · Kleidung · Accessoires · Verbrauch · Bau-Werkzeuge · Flug · Map-Slots · Gems · Event, Waffen-Filter-Chips Alle/Hauptwaffe/Sekundärwaffe/Nahkampf/Spezial | Karten-Raster: Symbol, Name, Typ, „ab …“, Schloss „Rang n“, Abzeichen BESITZ/AKTIV/-n % | Detail: Typ, Sperre, Werte-Balken, „BONI“, Besitz-Zeile, Chips „LAUFZEIT“ 1 Tag/7 Tage/30 Tage/Dauerhaft, „GESPERRT“/„DAUERHAFT IM BESITZ“ | Unterdialog „KAUF BESTÄTIGEN“: Guthaben, Ladekreisel","Plaza-Hub › LADEN › Katalog: Kategorie-Leiste aus den Inhalten (Waffen · Kleidung · Accessoires · Verbrauch · Bau-Werkzeuge · Flug · Map-Slots · Gems · Event) + Waffen-Filter, Raster, Detail | „KAUF BESTÄTIGEN“ → Dialog | Guthaben-Pillen → Top-Leiste Währungen | VERSCHENKEN → Sozial-Panel › Post › Neue Nachricht mit Geschenk | Geschenk-Modus (NEU): Banner „Geschenk für X“ + ZURÜCK ZUR NACHRICHT | dazu LADEN › Empfohlen (NEU)","Modal (shop) | Station „Laden“ · Post „AUS DEM LADEN“ (E an der Station in der Plaza; Post › Neue Nachricht › GESCHENK, nicht im Match)",Plaza-Hub › LADEN › Katalog | Sozial-Panel › Post › Neue Nachricht „AUS DEM LADEN“ → LADEN im Geschenk-Modus | ERSTELLEN › Meine Maps „Gesperrt“ → LADEN › Katalog › Map-Slots,P (NEU: der Geschenk-Weg aus der Post geht nur noch in der Plaza),nur im Plaza-Hub | NEU: „AUS DEM LADEN“ zeigt in B und A „Nur in der Plaza“ + ZUR PLAZA (heute dort möglich; den Hub gibt es nur in der Plaza) | Kauf-Sperre „Rang n“/„GESPERRT“ wie heute | Preise je Laufzeit,Ord 45,40 (Hub) | 50 (KAUF BESTÄTIGEN),verschoben
Plaza-Stationen & Fenster,Garderobe,"WardrobePanel · WardrobePanel.cs (+ .Equipment, .Inventory, .Workshop)",SPEICHERN | ABBRECHEN | ZURÜCK | ZERLEGEN (+n SPLITTER) | IN DER WERKSTATT AUFWERTEN | ABLEGEN | AUSRÜSTEN | VERSUCHEN | ZERLEGEN | WEITER | ENDGÜLTIG ZERLEGEN,"Vorschau der eigenen Figur links, Reiter-Chips Aussehen · Ausrüstung · Inventar · Werkstatt | Aussehen: „So sehen dich die anderen Spieler.“, Farbreihen Haut/Oberteil/Hose/Schuhe, Formreihe „Körper“ (< / >, „Variante n“) | Ausrüstung: Effekt-Leiste, Slot-Gruppen Waffen · Kleidung · Accessoires · „Hotbar – wirkt in Modi mit Gefahr“ · „Werkzeug und Flug – wirkt auf dem Bauplatz“, Slot-Karte, Unterdialog „<Slot> belegen“ (Karte „Ablegen“, AUSRÜSTEN/AUSGERÜSTET) | Inventar: Filter-Chips Alle/Waffen/Kleidung/Access./Verbrauch/Werkzeug/Gems, Raster mit „AN“, Detail (Laufzeit, BONI, UPGRADES) | Werkstatt: Liste Aufwertbar/Nicht aufwertbar, Detail (Sterne, ATTRIBUT WÄHLEN, GEM-Karten, Chance, Gebühr), Overlay Ergebnis „Erfolg!“/„Kein Erfolg“, Overlay „ITEM ZERLEGEN“",Plaza-Hub › SPIND (NEU: Name statt Garderobe; Charakter-Vorschau immer links): Ausrüstung → SPIND › Loadout (NEU: Name; Unterdialog „<Slot> belegen“ als Dialog) | Aussehen → SPIND › Aussehen | Inventar → SPIND › Inventar | Werkstatt → SPIND › Werkstatt (Overlays Ergebnis und „ITEM ZERLEGEN“ als Dialoge) | Werkzeug und Flug aus dem Loadout erscheinen im Bau-HUD (NEU),Modal (wardrobe) | Station „Garderobe“ (E an der Station in der Plaza),Plaza-Hub › SPIND › Loadout / Aussehen / Inventar / Werkstatt | Inventar „IN DER WERKSTATT AUFWERTEN“ → SPIND › Werkstatt,P (wie heute),"nur im Plaza-Hub | Hotbar wirkt in Modi mit Gefahr, Werkzeug und Flug auf dem Bauplatz | VERSUCHEN nur mit Gem und genug Brix („KEIN GEM“/„ZU WENIG BRIX“) | NEU: Knopf „IN DER WERKSTATT AUFWERTEN“ heißt im Inventar-Detail „ZUR WERKSTATT“ (passt in die Detail-Spalte)",Ord 30,"40 (Hub) | 50 (Unterdialoge, Overlays)",verschoben
Plaza-Stationen & Fenster,Arena / Räume,"RoomBrowserPanel · RoomBrowserPanel.cs (+ .Create, .Social)","SCHNELLSTART | RAUM ERSTELLEN | GEWERTET | TURNIERE | AKTUALISIEREN | BEITRETEN | ZURÜCK | ABBRECHEN | ALLEIN BEITRETEN | NEU: SPIELEN (LOBBY, startet Schnellstart) | NEU: WECHSELN (Modus-Karte → SPIELEN › Schnellspiel) | NEU: ABBRECHEN (Such-Pille)","Kopf: „Arena“, „Räume finden, eigene erstellen oder direkt losspielen.“, SCHNELLSTART, RAUM ERSTELLEN, GEWERTET, TURNIERE | Raumliste: Kanal-Segmente Anfänger/Offen/Veteranen/Clan, Modus-Auswahl, AKTUALISIEREN, Spalten RAUM/MODUS/MAP/SPIELER/STATUS, Zeilen-Knopf BEITRETEN/„GESPERRT“/„VOLL“/„ENDET“/„LÄUFT“ | Ansicht „Raum erstellen“: „Raum“, „Spiel“, „MAP“-Karten | Unterdialog „Passwort“ | Unterdialog Warten „Suche ein Match …“ / „Server wird gestartet …“ | Unterdialog „Allein beitreten?“ | Modi (11): Team-Deathmatch, Deathmatch, Flaggenjagd, Entschärfung, Bauen und Zerstören, Freier Fall, Verteidigung, Zombie-Ausbruch, Kopfgeld, Ausbruch, Gemeinsam bauen","SCHNELLSTART → Plaza-Hub › LOBBY großer goldener SPIELEN-Knopf (NEU; Modus-Karte mit Modus/Kanal, WECHSELN) und SPIELEN › Schnellspiel (NEU: Kacheln aller 11 Modi; Auswahl setzt den Lobby-Modus) | Kopf und Raumliste → SPIELEN › Server-Browser (NEU: Name statt Arena) | Ansicht „Raum erstellen“ → SPIELEN › Server-Browser › Raum erstellen | „Passwort“ und „Allein beitreten?“ → Dialoge | Warten → Such-Pille in der Top-Leiste (NEU statt des blockierenden Warte-Dialogs; Timer + ABBRECHEN, „Suche ein Match …“/„Server wird gestartet …“) | GEWERTET → SPIELEN › Gewertet | TURNIERE → SPIELEN › Turniere",Modal (rooms) | Station „Arena“ · Galerie (E an der Station in der Plaza; Map-Galerie „RAUM AUF DIESER MAP ERSTELLEN“),Plaza-Hub › LOBBY SPIELEN bzw. Modus-Karte WECHSELN | SPIELEN › Schnellspiel | SPIELEN › Server-Browser | ERSTELLEN › Map-Galerie „RAUM AUF DIESER MAP ERSTELLEN“ → SPIELEN › Server-Browser › Raum erstellen mit vorgewählter Map | Such-Pille ABBRECHEN,P (wie heute),nur im Plaza-Hub | Kanäle mit Rangbereich | Beitritt „GESPERRT“/„VOLL“/„ENDET“/„LÄUFT“ und Passwort wie heute | Such-Pille nur während der Suche,Ord 45,"40 (Hub, Such-Pille) | 50 (Passwort, Allein beitreten?)",aufgeteilt
Plaza-Stationen & Fenster,Map-Galerie,MapGalleryPanel · MapGalleryPanel.cs,SUCHEN | ZURÜCK | WEITER | DAUMEN HOCH | DAUMEN RUNTER | SENDEN | HERUNTERLADEN (n BRIX) | MELDEN | RAUM AUF DIESER MAP ERSTELLEN | ZUR LISTE | ABBRECHEN | HERUNTERLADEN | ÜBERSCHREIBEN,"Übersicht: „Map-Galerie“, Untertitel, Sortier-Chips Neu · Beliebt heute · Beliebt Woche · Top · Hall of Fame · Eigene · Heruntergeladen, Modus-Auswahl, Suche „Map suchen …“, Karten (HALL OF FAME/OFFIZIELL/GESPERRT/AUSGEBLENDET, ▲▼, Spiele, Preis, Version, Downloads, Kommentare), Blättern „Seite x / y“ | Detailansicht: Bild, BEWERTUNG, ZAHLEN, BESCHREIBUNG, VERSIONEN, KOMMENTARE (n) | Unterdialog „Map melden“: GRUND (Anstößiger Inhalt, Anstößiger Name, Spam, Farming, Sonstiges), DETAILS (FREIWILLIG) | Unterdialog „In einen Slot herunterladen“: Chips SLOT 1–6 (leer/belegt/gesperrt), Warnung","Plaza-Hub › ERSTELLEN › Map-Galerie (Übersicht, Detailansicht) | „Map melden“ und „In einen Slot herunterladen“ → Dialoge | RAUM AUF DIESER MAP ERSTELLEN → SPIELEN › Server-Browser › Raum erstellen mit vorgewählter Map | ZUR LISTE → zurück zur Übersicht",Modal (gallery) | Station „Map-Galerie“ · Bühne (E an der Station in der Plaza; Bühne „Map der Woche“ › IN DER GALERIE),Plaza-Hub › ERSTELLEN › Map-Galerie | LOBBY › Karussell „Map der Woche“ › IN DER GALERIE,P (wie heute),"nur im Plaza-Hub | HERUNTERLADEN kostet Brix; gesperrte Slots nicht wählbar, belegte nur mit ÜBERSCHREIBEN",Ord 44,40 (Hub) | 50 (Dialoge),verschoben
Plaza-Stationen & Fenster,Waffenständer (Schießstand),RangePanel · RangePanel.cs,EIGENE AUSRÜSTUNG | SCHLIESSEN,"„Waffenständer“, „Leihwaffen zum Ausprobieren …“ | Waffenkarten (Klasse · Slot, Werte)","Plaza-Hub › SPIND › Testgelände (NEU: Name statt Waffenständer): Leihwaffe wählen, EIGENE AUSRÜSTUNG zurück; kein Teleport | „schließt auch mit E“ entfällt | SCHLIESSEN → Esc/B (Fußleiste „Esc/B Zurück“)",Modal (range) | Station „Schießstand“ (E an der Station in der Plaza) | schließt mit E und Esc,Plaza-Hub › SPIND › Testgelände | schließt mit Esc/B,P (wie heute),"nur im Plaza-Hub | Leihwaffen zum Ausprobieren am Schießstand, kein Teleport dorthin | Ziele und Schießstand-Karte bleiben in Welt bzw. HUD",Ord 36,40 (Hub),verschoben
Plaza-Stationen & Fenster,Glücksbrett,BoardPanel · BoardPanel.cs,TAGESMÜNZE ABHOLEN | QUOTEN | SUPER | SCHLIESSEN,"Kopf: „Glücksbrett“, „Saison · endet in · n von m Feldern offen“, Münz-Pille, TAGESMÜNZE ABHOLEN / „NÄCHSTE MÜNZE IN …“, QUOTEN | Raster mit „?“-Feldern, Blättern < / >, „Seite“ | Seitenleiste „LETZTER GEWINN“, „NOCH IM BRETT“ | Overlay Gewinn: Stufe Gewöhnlich/Ungewöhnlich/Selten/Episch/Hauptgewinn | Overlay „Quoten“: GEWINN/STUFE/FELDER/CHANCE",Plaza-Hub › LADEN › Glücksbrett | Overlays Gewinn (Aufdecken mit Flip und Stufen-Partikel) und „Quoten“ → Dialoge | SCHLIESSEN bleibt im Dialog „Quoten“; die Seite selbst schließt mit Esc/B,Modal (board) | Station „Glücksbrett“ (E an der Station in der Plaza),Plaza-Hub › LADEN › Glücksbrett,P (wie heute),nur im Plaza-Hub | Tagesmünze mit Wartezeit („NÄCHSTE MÜNZE IN …“) | Saison mit Ende | Stufen immer mit Name und Symbol,Ord 45,40 (Hub) | 50 (Overlays),verschoben
Plaza-Stationen & Fenster,Bestenlisten,LeaderboardPanel · LeaderboardPanel.cs,MEIN PROFIL | SCHLIESSEN,"„Bestenlisten“, „Die besten 100 Spieler …“ | Chips Rang · Kills · Siege · Clans · Saison (bei laufender Saison) · Gewertet | Filter Modus (Kills, Siege), Warteschlange Team-Deathmatch/Entschärfung (Gewertet) | Spalten PLATZ / SPIELER bzw. CLAN / RANG bzw. MITGLIEDER / XP, KILLS, SIEGE, PUNKTE oder WERTUNG | „Dein Platz“-Zeile",Plaza-Hub › KARRIERE › Bestenlisten | MEIN PROFIL → KARRIERE › Profil | SCHLIESSEN → Esc/B,"Modal (leaderboard) | Station · Profil · Gewertet · Clan (E an der Station in der Plaza; Profil „BESTENLISTEN“, Gewertet „BESTENLISTE“, Clan „CLAN-RANGLISTE“/„RANGLISTE“)",Plaza-Hub › KARRIERE › Bestenlisten | Profil-Popup „BESTENLISTEN“ | SPIELEN › Gewertet „BESTENLISTE“ | Sozial-Panel › Clan „CLAN-RANGLISTE“/„RANGLISTE“,P (NEU: die Querverweise aus Profil und Clan gehen nur noch in der Plaza),nur im Plaza-Hub | NEU: BESTENLISTEN/RANGLISTE zeigen außerhalb der Plaza „Nur in der Plaza“ (+ ZUR PLAZA in B und A); heute dort möglich | Saison-Chip nur bei laufender Saison,Ord 45,40 (Hub),verschoben
Plaza-Stationen & Fenster,Gewertete Matches,RankedPanel · RankedPanel.cs,SUCHEN | SUCHE ABBRECHEN | BESTENLISTE | SCHLIESSEN | NEU: ABBRECHEN (Such-Pille),"„Gewertete Matches“, Saison-Zeile | 2 Karten Team-Deathmatch und Entschärfung mit Rang, Wertung, Siege, SUCHEN",Plaza-Hub › SPIELEN › Gewertet | laufende Suche als Such-Pille in der Top-Leiste (Timer + ABBRECHEN) und Zähler „Suche läuft“ | BESTENLISTE → KARRIERE › Bestenlisten | SCHLIESSEN → Esc/B (Fußleiste „Esc/B Zurück“),Modal (ranked) | Esc-Menü · Arena (Esc-Zeile „Gewertet · Suche läuft“ nur Plaza; Arena „GEWERTET“),Plaza-Hub › SPIELEN › Gewertet (Zähler „Suche läuft“) | Such-Pille in der Top-Leiste,P (wie heute nur Plaza),nur im Plaza-Hub | Suche abbrechen über SUCHE ABBRECHEN oder die Such-Pille,Ord 45,"40 (Hub, Such-Pille)",verschoben
Plaza-Stationen & Fenster,Turniere,TournamentPanel · TournamentPanel.cs,ZUSCHAUEN | ANMELDEN | ABMELDEN | ZUM MATCH | SCHLIESSEN | NEU: REPLAY (beendete Matches),"Liste links mit Segmenten Anmeldung offen / Läuft / Beendet / Abgesagt | Details rechts mit Belohnungen und Baum bzw. Runden („Großes Finale“, „Verliererbaum, Runde n“ …) | Felder „Name des Teams“, „Mitspieler (Namen mit Komma)“",Plaza-Hub › SPIELEN › Turniere | ZUSCHAUEN → SPIELEN › Zuschauen | beendete Matches → ReplayViewer (NEU; auch KARRIERE › Replays & Highlights › Turnier-Replays) | SCHLIESSEN → Esc/B (Fußleiste „Esc/B Zurück“),Modal (tournaments) | Esc-Menü · Arena (Esc-Zeile „Turniere“ nur Plaza; Arena „TURNIERE“),Plaza-Hub › SPIELEN › Turniere,P (wie heute nur Plaza),nur im Plaza-Hub | Turnier-Replays nur öffentliche (Server-Rechte offen),Ord 45,40 (Hub),verschoben
Plaza-Stationen & Fenster,Clan: Kasse und Kriege,ClanWarPanel · ClanWarPanel.cs,EINZAHLEN | AUSZAHLEN | BEITRETEN | ZUSCHAUEN | ANNEHMEN | ABLEHNEN | ABSAGEN | HERAUSFORDERN,"Titel „[TAG] Name“, Seitenleiste „Kasse und Stufe“ · „Clan-Kriege“ | Kasse und Stufe: „STUFE n“ mit Balken, „KASSE“ mit Betrag, Mitglied + Betrag, Chips „BANNER“, Liste „KASSENBUCH“ | Clan-Kriege: Liste „KRIEGE“, Formular „HERAUSFORDERN“ (Gegner-Kürzel, Start in Minuten, Teamgröße, Aufstellung, Chips „Spiel 1–3: Modus“)","Sozial-Panel › Clan → breite Clan-Seite (NEU: Seite statt eigenem Modal) mit den Bereichen Kasse und Stufe und Clan-Kriege | Kriege ZUSCHAUEN → Plaza-Hub › SPIELEN › Zuschauen (Live, dieser Krieg)","Modal (clan_war) | aus Reiter Clan (KASSE UND STUFE, CLAN-KRIEGE; nicht im Match)",Sozial-Panel › Clan › KASSE UND STUFE / CLAN-KRIEGE (Plaza: Freunde-/Party-Knopf oder Y; B und A: kleines Esc-Menü SOZIAL),"P, B, A (wie heute)",nur mit Clan | nicht im Match | Rechte wie heute | NEU: Kriege ZUSCHAUEN in B und A zeigt „Nur in der Plaza“ + ZUR PLAZA (die Zuschauen-Liste liegt im Plaza-Hub; heute öffnete sich dort das Zuschauen-Fenster),Ord 41,"42 (Sozial-Panel, breite Seite)",zusammengelegt
Plaza-Stationen & Fenster,Bühne,StagePanel · StagePanel.cs,IN DER GALERIE | CLAN ANSEHEN | ZURÜCK,"Kopf „Bühne“, Bonus-Zeile „Gerade: …“ | links „Ankündigungen (n)“, „Events (n)“ mit „LÄUFT …“/„BEGINNT …“ | rechts „Map der Woche“, „Clan des Monats“ (Overlay Clan-Seite mit Mitgliedern), „Die besten drei“","Plaza-Hub › LOBBY links: Event-/News-Karussell (NEU statt eigenem Fenster) mit Ankündigungen (n), Events (n) „LÄUFT …“/„BEGINNT …“, Map der Woche (IN DER GALERIE → ERSTELLEN › Map-Galerie), Clan des Monats (CLAN ANSEHEN → Clan-Seite als Overlay, ZURÜCK), Die besten drei | Bonus-Zeile → Event-Bonus-Chip „Gerade: …“",Modal (stage) | Station „Bühne“ (E an der Station in der Plaza),Plaza-Hub › LOBBY (Standard-Reiter beim Öffnen),P (wie heute),nur im Plaza-Hub | Inhalte vom Server (TEAM › Bühne),Ord 45,40 (Hub) | 50 (Clan-Seite),zusammengelegt
Plaza-Stationen & Fenster,Hilfe und Support,SupportPanel · SupportPanel.cs,NEUES TICKET | FEHLER MELDEN | SENDEN | ANTWORTEN | TICKET SCHLIESSEN,"links „MEINE TICKETS“ | Formular: Kategorie-Chips Fehler im Spiel, Konto und Anmeldung, Spieler melden, Shop und Spielwährung, Vorschlag, Sonstiges; Betreff, Text, Chip „Screenshot anhängen“ | Ticket-Ansicht: Nachrichten Support/System/Du, Antwortfeld","Fenster Hilfe und Support als eigenes Modal (Dialog) über Hub, kleinem Esc-Menü und Einstellungen, auch im Match ohne Hub | NEU: „Screenshot anhängen“ nimmt das letzte Spielbild ohne UI",Modal (support) | Esc-Menü · Einstellungen (Esc-Zeilen „Hilfe und Support · neue Antwort“ und „Fehler melden“ je nach Schalter; Einstellungen › Allgemein ÖFFNEN/MELDEN; Hinweis „Esc → Hilfe und Support“),"Plaza-Hub › System-Menü (Zahnrad) › Hilfe und Support (Zähler „neue Antwort“) / Fehler melden | kleines Esc-Menü HILFE UND SUPPORT (Zähler „neue Antwort“) / FEHLER MELDEN (M, B) | Einstellungen › Allgemein › Hilfe ÖFFNEN / MELDEN (alle Modi) | Benachrichtigung zur Support-Antwort","P, B, M, A (A nur über Einstellungen › Allgemein, NEU)","je nach Schalter (Hilfe und Support, Fehler melden getrennt) | NEU: auf A kein Eintrag im kleinen Esc-Menü, Weg über EINSTELLUNGEN",Ord 48,"50 (Dialog; über Hub 40, kleinem Esc-Menü 40 und Einstellungen 44)",verschoben
Bauen,Bau-Portal,MapPickerPanel · MapPickerPanel.cs,BETRETEN | ZURÜCK | WEITER | SCHLIESSEN,"Seitenleiste Meine Maps · Mitbauen | Kopf „MEINE MAPS · EINE MAP JE SLOT …“ bzw. „MAPS, BEI DENEN ICH MITBAUE“ | Karten: Vorschaubild, „SLOT n“, „Map in Slot n“/„Neuer Bauplatz“/„Leer“/„Gesperrt“, „Wird gerade bebaut · n/m“/„Niemand da“ | Blättern",Plaza-Hub › ERSTELLEN › Meine Maps und ERSTELLEN › Mitbauen (Karten mit BETRETEN) | „Gesperrt“ → LADEN › Katalog › Map-Slots | SCHLIESSEN → Esc/B (Fußleiste „Esc/B Zurück“),Modal (maps) | Station „Bau-Portal“ · P (E an der Station),Plaza-Hub › ERSTELLEN › Meine Maps / Mitbauen,P (wie heute),nur im Plaza-Hub | gesperrte Slots → LADEN › Map-Slots | Slot-Verwaltung (UMBENENNEN usw.) bleibt im Bauplatz-Fenster auf B,Ord 37,40 (Hub),verschoben
Bauen,Bauplatz verwalten,PlotPanel · PlotPanel.cs,UMBENENNEN | ZURÜCKSETZEN | LADEN | ANLEGEN | BAURECHT GEBEN | BAURECHT GEBEN/NEHMEN | RAUSWERFEN | ABBRECHEN | SPEICHERN,"Seitenleiste: Map-Slots · Himmel · Mitbauer · Sprachchat · Veröffentlichen (→ Map veröffentlichen, nur Inhaber) · Bauvorlagen (→ Bauvorlagen) · Vorlagen-Galerie (→ Vorlagen-Galerie) | Map-Slots: „MAP-SLOTS · n VON 6 FREIGESCHALTET“, Slot-Karten | Himmel: „HIMMEL DIESER MAP“, 10 Karten | Mitbauer: „MITBAUER DIESER MAP · n VON 16 …“, Feld, Personenzeilen mit „•••“ | Sprachchat: Chips Nähe/Map-weit | Unterdialog „Slot n anlegen/zurücksetzen“: VORLAGE, MATERIAL | Unterdialog „Slot umbenennen“","Bauplatz-Fenster auf B (NEU: Name; eigenständig, neu gestaltet), geöffnet über kleines Esc-Menü BAUPLATZ VERWALTEN: Map-Slots · Himmel · Mitbauer · Sprachchat · Veröffentlichen (Inhaber, aus PublishPanel) · Bauvorlagen (öffnet das angedockte Werkzeug) · Vorlagen-Galerie | Slot-Unterdialoge → Dialoge | „•••“ → Spieler-Aktionen | Bauplatz-Info zusätzlich im Bau-HUD oben links (NEU)","Modal (plot) | Esc-Menü · B (Esc-Zeile „Bauplatz verwalten“, nur B)",kleines Esc-Menü BAUPLATZ VERWALTEN (B),B,nur B | Veröffentlichen nur Inhaber | Mitbauer max. 16 | Map-Slots n von 6 freigeschaltet | Baurecht und Rauswerfen wie heute,Ord 37,40 (Bauplatz-Fenster) | 50 (Slot-Dialoge),bleibt
Bauen,Map veröffentlichen,PublishPanel · PublishPanel.cs,VERÖFFENTLICHEN | SCHLIESSEN,"„NAME“, „BESCHREIBUNG“, Regler „PREIS FÜR DEN DOWNLOAD“ (Kostenlos … n Brix) | Schalter „Als neue Version von „…““ | „MODI · DIE MAP MUSS IHRE PFLICHT-ELEMENTE HABEN“ mit Chips „Bereit: …“/„Fehlt: …“ | Gebühren- und Rangzeile, Ergebnis-Box",Bauplatz-Fenster (B) › Veröffentlichen (Seite im Fenster statt eigenem Modal) | SCHLIESSEN → Esc/B (zurück im Bauplatz-Fenster),"Modal (publish) | aus Bauplatz verwalten (Seitenleiste „Veröffentlichen“, nur Inhaber)","kleines Esc-Menü BAUPLATZ VERWALTEN › Veröffentlichen (B, Inhaber)",B,"nur B, nur Inhaber | Pflicht-Elemente je Modus | Gebühr und Rang",Ord 38,40 (Bauplatz-Fenster),zusammengelegt
Bauen,Bauvorlagen,BlueprintPanel · BlueprintPanel.cs,ECKEN WÄHLEN | KOPIEREN | LEEREN | EINFÜGEN | DREHEN n° | RÜCKGÄNGIG (n) | WIEDERHOLEN (n) | SPEICHERN | VORLAGEN-GALERIE | SCHLIESSEN,"„AUSWAHL“: ECKEN WÄHLEN, KOPIEREN, LEEREN | „ZWISCHENABLAGE“: EINFÜGEN, DREHEN n°, Chips Nicht gespiegelt/Spiegeln X/Spiegeln Z | „VERLAUF“: RÜCKGÄNGIG (n), WIEDERHOLEN (n) | „SYMMETRIE“: Chips Aus/X/Z/Vierfach | „ALS VORLAGE SPEICHERN“: Name, Chip „In der Galerie teilen“","Bauvorlagen-Werkzeug rechts angedockt (NEU statt Modal; eigenständig, weil ECKEN WÄHLEN die Welt braucht) | VORLAGEN-GALERIE → Bauplatz-Fenster › Vorlagen-Galerie | Symmetrie und Auswahl zusätzlich im Bau-HUD oben links (NEU)",Modal (blueprints) | Taste X · Bauplatz verwalten (Seitenleiste „Bauvorlagen“),Taste X | Bau-HUD › Werkzeug-Leiste „Bauvorlagen X“ (NEU) | Bauplatz-Fenster › Bauvorlagen,B (wie heute),"nur B | NEU: angedockt statt modal, weil ECKEN WÄHLEN die Welt braucht",Ord 38,34 (Bau-Werkzeuge),bleibt
Bauen,Vorlagen-Galerie,TemplatesPanel · TemplatesPanel.cs,ÜBERNEHMEN | LÖSCHEN | TEILEN | NICHT TEILEN | SCHLIESSEN,"Chips Geteilt / Meine; Neu / Beste | Zeilen: ÜBERNEHMEN, LÖSCHEN, TEILEN/NICHT TEILEN, „▲ n“, „▼ n“ | Blättern ‹ / ›","Bauplatz-Fenster (B) › Vorlagen-Galerie | NEU zusätzlich Plaza-Hub › ERSTELLEN › Vorlagen | SCHLIESSEN → Esc/B (im Bauplatz-Fenster zurück zur Fenster-Übersicht, im Hub „Esc/B Zurück“)",Modal (templates) | Bauplatz verwalten (Seitenleiste „Vorlagen-Galerie“) | Bauvorlagen „VORLAGEN-GALERIE“,kleines Esc-Menü BAUPLATZ VERWALTEN › Vorlagen-Galerie (B) | Bauvorlagen-Werkzeug „VORLAGEN-GALERIE“ (B) | Plaza-Hub › ERSTELLEN › Vorlagen (NEU),"B | P (NEU, ERSTELLEN › Vorlagen)",ÜBERNEHMEN nur auf B (braucht das Bauvorlagen-Werkzeug) | NEU: in der Plaza ohne ÜBERNEHMEN,Ord 39,40 (Bauplatz-Fenster bzw. Hub),NEU-Teil
Bauen,Palette,BrickPalettePanel · BrickPalettePanel.cs,SCHLIESSEN,"Suchfeld „Suchen …“ | Seitenleiste Allgemein · Farbbox · Deko · Funktion · Zuletzt | Raster mit Limit-Abzeichen, Info-Karte (Name, Gruppe, „Drehbar …“, „Zerstörbar …“) | Reihe „LEISTE“ mit 9 Plätzen (Ziffern 1–9 belegen)","Palette als Overlay (eigenständig, neu gestaltet); „LEISTE“ belegt die 9 Brick-Plätze im Bau-HUD",Modal (palette) | Taste Q · B,Taste Q (B) | Bau-HUD › Werkzeug-Leiste „Palette Q“ (NEU),B (wie heute),"nur B | Q im Hub ist Reiterwechsel (Hub modal, kein Konflikt)",Ord 36,34 (Bau-Werkzeuge),bleibt
Match,Warteraum,WaitingRoomPanel · WaitingRoomPanel.cs,ENTFERNEN | LEITUNG ÜBERGEBEN | VERLASSEN | TEAM WECHSELN | MATCH STARTEN | UMSEHEN | RAUM ÄNDERN | ÜBERNEHMEN | ABBRECHEN | ÜBERGEBEN,"Kopf: Titel = Raum (mit Schloss), Untertitel mit Modus, Map, Kanal und Regeln, Status-Abzeichen „Start in n s“/„Warte auf Spieler (n/m)“/„Bereit: …“ | Team-Spalten: Krone, Kennzeichen, „(Du)“, ENTFERNEN, „•••“, LEITUNG ÜBERGEBEN | Box „LETZTE RUNDE“ | Fuß: VERLASSEN, TEAM WECHSELN, MATCH STARTEN/„WARTET AUF MASTER“, UMSEHEN, RAUM ÄNDERN | Unterdialog „RAUM ÄNDERN“: Modus, Map, Ziel, Zeit, Spieler, Waffen, Map-Rotation | Unterdialog „LEITUNG ÜBERGEBEN“","Warteraum-Fenster (eigenständig, neu gestaltet; Variante „Warteraum“ der Tab-Liste) | Unterdialoge → Dialoge | „•••“ → Spieler-Aktionen",Modal (waiting) | automatisch · Tab (beim Betreten des Raums; Tab im Match),automatisch | Taste Tab (M) wie heute,M,"Leiter-Aktionen (ENTFERNEN, LEITUNG ÜBERGEBEN, MATCH STARTEN, RAUM ÄNDERN) wie heute; sonst „WARTET AUF MASTER“ | NEU: „WARTET AUF MASTER“ → „WARTET AUF LEITUNG“ (einheitlich mit LEITUNG ÜBERGEBEN)",Ord 35,30 (Warteraum) | 50 (Unterdialoge),bleibt
Match,Punktestand,ScoreboardPanel · ScoreboardPanel.cs,—,"„Punktestand“, „Modus · Map · Runde/noch · Ziel“, Score „Team n : n Team“ | Tabellen je Team: ZIEL/PUNKTE/K/T/A/PING/RANG, Krone, „(aus)“, „•••“ (nur angeheftet)","einheitliche Tab-Liste (eine Komponente zusammen mit der Spielerliste), Varianten im Match: Team-Modi = zwei Team-Spalten mit Score-Kopf (ZIEL/PUNKTE/K/T/A/PING/RANG); Jeder gegen jeden = Rangliste mit Platz; Verteidigung/Zombie = Team-Spalten mit Welle/Infiziert-Status | „•••“ → Spieler-Aktionen","Overlay (anheftbar) (Modal scoreboard_pinned) | Tab halten · M | Rechtsklick bei gehaltenem Tab heftet an, Esc oder Tab löst","Tab halten (M) wie heute | Rechtsklick heftet an, Esc oder Tab löst",M,nicht im Warteraum (dort das Warteraum-Fenster) | „•••“ nur angeheftet | NEU: eigene Varianten für Jeder gegen jeden (Rangliste mit Platz) und Verteidigung/Zombie (Welle/Infiziert),Ord 38,31 (Tab-Liste),zusammengelegt
Match,Ergebnis-Sequenz,ResultsSequence · ResultsSequence.cs,—,"Titelkarte SIEG/NIEDERLAGE/UNENTSCHIEDEN/„n. PLATZ“/INFIZIERT/ÜBERLEBT/VERTEIDIGUNG | Zähler „+n XP“, „+n Brix“, Bonuszeilen | Rangbalken „RANG n“ mit Funken | „Klicken für die Tabelle“","Vollbild-Sequenz (eigenständig, neu gestaltet: Zahlen rollen, Rang-Aufstieg mit Ring-Schockwelle und Funken)",Vollbild-Sequenz (Modal results_sequence) | automatisch am Match-Ende,automatisch wie heute,M,"Klick, Leertaste oder Esc überspringen → Ergebnis",Ord 44,"45 (über Ergebnis 43 und kleinem Esc-Menü 40, wie heute 44 > 42 > 40)",bleibt
Match,Ergebnis,ResultsPanel · ResultsPanel.cs,DAUMEN HOCH | DAUMEN RUNTER | SENDEN | ANSEHEN | VIDEO SPEICHERN | ZUR PLAZA | SCHLIESSEN | NEU: IN HIGHLIGHTS,"Kopf: „Sieg!“/„Niederlage“/„Unentschieden“/„Ergebnis“, Countdown „Zurück zur Plaza in n s“/„Warteraum …“ | Tabelle SPIELER/PUNKTE/K/T/A/ZIEL oder K/T/ZEIT mit „•••“ | „DEINE BELOHNUNG“: Rang, „RANG n!“, XP-Balken, Brix, Bonus, Münzen, Mastery-Extras | „DIESE MAP“: Bewertung, Kommentar | „Spielzug der Runde“","Ergebnis-Screen (eigenständig, neu gestaltet) | ANSEHEN → ReplayViewer (Clip) | NEU „In Highlights“: der Spielzug liegt danach unter KARRIERE › Replays & Highlights › Highlights | „•••“ → Spieler-Aktionen",Modal (results) | automatisch nach der Ergebnis-Sequenz („Klicken für die Tabelle“),automatisch wie heute | das Match später über Plaza-Hub › KARRIERE › Match-Verlauf › REPLAY (NEU),M,Countdown „Zurück zur Plaza in n s“/„Warteraum …“ | Highlights im Hub nur in der Plaza abrufbar,Ord 42,"43 (über kleinem Esc-Menü 40, unter Ergebnis-Sequenz 45 und ReplayViewer 46)",NEU-Teil
Match,Zuschauen,SpectatePanel · SpectatePanel.cs,ZUSCHAUEN | AKTUALISIEREN | SCHLIESSEN,Liste: Freund / Turnier / Clan-Krieg / Spielteam · Modus · Verzögerung · Zuschauer | Knopf ZUSCHAUEN bzw. „VOLL“,"Plaza-Hub › SPIELEN › Zuschauen (Live: Freund, Turnier, Clan-Krieg, Spielteam) | NEU Sozial-Panel › Freunde: ZUSCHAUEN in der Freundes-Zeile (live, wenn der Freund im Match ist) | ZUSCHAUEN öffnet den ReplayViewer (Live) | SCHLIESSEN → Esc/B (Fußleiste „Esc/B Zurück“)",Modal (spectate) | Esc-Menü · Turniere · Clan-Kriege (Esc-Zeile „Zuschauen“ nur Plaza; Turniere „ZUSCHAUEN“; Clan-Kriege „ZUSCHAUEN“),Plaza-Hub › SPIELEN › Zuschauen | SPIELEN › Turniere „ZUSCHAUEN“ → SPIELEN › Zuschauen | Sozial-Panel › Clan › Clan-Kriege „ZUSCHAUEN“ → SPIELEN › Zuschauen | Sozial-Panel › Freunde „ZUSCHAUEN“ (NEU) → Live-Zuschauen des Freundes,P (wie heute nur Plaza),"nur im Plaza-Hub | „VOLL“ bei vollen Plätzen | Verzögerung wie heute | nicht im Match | NEU: ZUSCHAUEN aus dem Sozial-Panel (Freund, Clan-Krieg) zeigt in B und A „Nur in der Plaza“ + ZUR PLAZA; Clan-Kriege ZUSCHAUEN ging heute auch dort",Ord 40,40 (Hub),verschoben
Match,Replay- und Zuschauer-Ansicht,"ReplayViewer · Replays/ReplayViewer.cs, ReplayViewer.Live.cs",SCHLIESSEN | ABSPIELEN | PAUSE | NÄCHSTER KILL | NEU: REPLAY (KARRIERE › Match-Verlauf),"Kopf: „Replay: Map · Modus“ bzw. „Zuschauen“/„Highlight“, Untertitel | Mitte: Killfeed („X besiegt Y (Kopftreffer)“), Namen über den Figuren, Spielerliste mit „•••“ (Live) | Fußleiste: Zeitleiste mit Kill-Markern, ABSPIELEN/PAUSE, Tempo 0,25×/0,5×/1×/2×/4×, NÄCHSTER KILL, „KAMERA: FREI / ÜBERSICHT / AUTOMATISCH / NAME“, „Frame n · Tempo“ | freie Kamera WASD, E/Q, Shift","ReplayViewer als Vollbild-Screen (eigenständig, neu gestaltet), NEU für alle Spieler: Clip, Live und ganze eigene Matches; Bedienung wie heute; Foto-Modus (P) immer | Spielerliste mit „•••“ → Spieler-Aktionen nur bei Live (wie heute; in Replays keine „•••“)","Vollbild (Modal replay_viewer) | Staff · Clip · Live (Staff: Rollen-Menü Replays, Baukasten-Effekt „Replay ansehen“; Clip: Ergebnis „Spielzug der Runde“ ANSEHEN; Live: Zuschauen „ZUSCHAUEN“)","Plaza-Hub › KARRIERE › Replays & Highlights (eigene Replays, Highlights „Spielzug der Runde“, Turnier-Replays; NEU) | KARRIERE › Match-Verlauf › REPLAY (NEU) | SPIELEN › Turniere › beendete Matches (NEU) | Live: SPIELEN › Zuschauen, Sozial-Panel ZUSCHAUEN (Plaza) | Clip: Ergebnis ANSEHEN | Staff unverändert: TEAM-Seite › Replays, Baukasten-Effekt „Replay ansehen“","P (Replays & Highlights und Live; Replays NEU für alle) | M (Clip aus dem Ergebnis, wie heute) | Staff wie heute","Spieler: nur eigene Matches und öffentliche Turnier-Replays (Server offen: Konto-Filter, Rechte, Aufbewahrung, Vorschlag letzte 20 Matches / 14 Tage) | Staff wie heute | „•••“ nur bei Live | Esc schließt und kehrt zur aufrufenden Seite zurück",Ord 49,"46 (über Hub 40, Ergebnis 43 und Ergebnis-Sequenz 45; unter Profil 51, Melden 52, Spieler-Aktionen 53)",NEU-Teil
Soziales & Profil,Freunde und Gruppen,"SocialPanel · SocialPanel.cs (+ .Friends, .Party, .Clan, .Mail, .Lists, .Overlays)","ANFRAGE SENDEN | EINLADEN | FLÜSTERN | FOLGEN | ANNEHMEN | ABLEHNEN | ZURÜCKZIEHEN | PARTY GRÜNDEN | RAUSWERFEN | LEITUNG GEBEN | PARTY VERLASSEN | AUFLÖSEN | ZUM LEITER | PARTY FOLGEN: AN/AUS | CLAN GRÜNDEN | CLAN-RANGLISTE | ZUM OFFIZIER/MITGLIED | KASSE UND STUFE | CLAN-KRIEGE | BEARBEITEN | RANGLISTE | CLAN AUFLÖSEN | CLAN VERLASSEN | GRÜNDEN · Preis | SPEICHERN | ABBRECHEN | NEUE NACHRICHT | SCHLIESSEN | LÖSCHEN | ANTWORTEN | AUS DEM INVENTAR | AUS DEM LADEN | OHNE | SENDEN | ZURÜCK | SPERREN | ENTSPERREN | AKTUALISIEREN | WECHSELN | OK | NEU: ZUSCHAUEN (Freundes-Zeile, live) | NEU: Profil (Freundes-Zeile) | NEU: „+“ Freund einladen (LOBBY-Party-Platz) | NEU: ZUR PLAZA (Hinweis „Nur in der Plaza“ bei Hub-Querverweisen in B und A)","Reiter-Chips mit Zähler: Freunde · Party · Clan · Post · Gesperrt · Plazas | Freunde: Feld + ANFRAGE SENDEN, „Freunde (n / max, n online)“ mit Ort, EINLADEN, FLÜSTERN, FOLGEN, „Anfragen an dich“, „Von dir gesendet“ | Party: Feld + EINLADEN, PARTY GRÜNDEN, „Mitglieder (n / m)“, PARTY VERLASSEN, AUFLÖSEN, ZUM LEITER, PARTY FOLGEN: AN/AUS, „Einladungen an dich“, „Offene Einladungen der Party“ | Clan: ohne Clan („Clan gründen“, CLAN-RANGLISTE, Einladungen), mit Clan (Emblem, Werte, Mitglieder, Einladen-Feld, Offene Einladungen, KASSE UND STUFE, CLAN-KRIEGE, BEARBEITEN, RANGLISTE, CLAN AUFLÖSEN, CLAN VERLASSEN), Overlay „Clan gründen/bearbeiten“ mit EMBLEM-Editor | Post: Chips Eingang/Ausgang, NEUE NACHRICHT, Liste mit „Geschenk“, Blättern, Overlay Lesen, Overlay „Neue Nachricht“ (AN, BETREFF, TEXT, GESCHENK), Overlay „Geschenk aus dem Inventar“ | Gesperrt: Feld + SPERREN, Liste mit ENTSPERREN, „Was eine Sperre bewirkt“ | Plazas: AKTUALISIEREN, „Plazas mit Bekannten (n)“ mit WECHSELN/„VOLL“ | Gemeinsam: Bestätigungsdialog („Clan auflösen?“, „Nachricht löschen?“, „Leitung übergeben?“)","Sozial-Panel rechts einfahrend (Reiter Freunde · Party · Clan · Post · Plazas · Gesperrt, Zähler an den Reitern): Freunde → Sozial-Panel › Freunde (Freundes-Zeile EINLADEN · FLÜSTERN · FOLGEN · ZUSCHAUEN NEU · Profil NEU) | Party → Sozial-Panel › Party (in der Plaza zusätzlich LOBBY-Figuren mit Krone, „+“-Plätzen und Bereit-Status NEU) | Clan → breite Clan-Seite (KASSE UND STUFE, CLAN-KRIEGE; „Clan gründen/bearbeiten“ mit Emblem-Editor als Dialog) | Post → breite Post-Seite (Eingang/Ausgang; Lesen, Neue Nachricht, Geschenk aus dem Inventar als Dialoge; AUS DEM LADEN → LADEN im Geschenk-Modus) | Gesperrt → Sozial-Panel › Gesperrt | Plazas → Sozial-Panel › Plazas | Bestätigungsdialog → Dialog | CLAN-RANGLISTE/RANGLISTE → KARRIERE › Bestenlisten","Modal (social) | Esc-Menü · Profil „POST“ (Esc-Zeilen „Freunde und Gruppen · n online · n neu“, „Post · n ungelesen“, „Zu Freunden wechseln“, nicht im Match; Profil „POST“)","Plaza-Hub: Top-Leiste Freunde-/Party-Knopf mit Online-Zahl, Top-Leiste Post (Zähler „99+“) → Post, Taste Y (Fußleiste „Y Sozial“), LOBBY-Party-Platz „+“ | B und A: kleines Esc-Menü SOZIAL | Profil-Popup „POST“ → Sozial-Panel › Post › Neue Nachricht an X","P, B, A (wie heute nicht im Match)","nicht im Match (wie heute) | NEU: Querverweise in den Hub (AUS DEM LADEN, CLAN-RANGLISTE/RANGLISTE, ZUSCHAUEN) gehen nur in der Plaza, in B und A Hinweis „Nur in der Plaza“ + ZUR PLAZA | Clan-Ansicht ohne/mit Clan | Rechte (RAUSWERFEN, LEITUNG GEBEN, ZUM OFFIZIER/MITGLIED, AUFLÖSEN) wie heute | Gründen kostet den Preis",Ord 44,"42 (Sozial-Panel, breite Seiten) | 50 (Overlays, Bestätigung)",verschoben
Soziales & Profil,Profil,ProfilePanel · ProfilePanel.cs,FREUND ENTFERNEN | ANFRAGE ANNEHMEN | ALS FREUND | PARTY EINLADEN | FLÜSTERN | POST | SPERREN | ENTSPERREN | MELDEN | BESTENLISTEN | SCHLIESSEN,"Kopf: Rang-Abzeichen, Name, Kennzeichen, „Rang n · Name“, XP-Balken, Guthaben-Pillen (nur eigenes Profil) | Reiter Übersicht · Waffen-Mastery · Erfolge · Tagesmissionen | Übersicht: Kacheln und Tabelle je Modus | Waffen-Mastery: „Stufe n / m“, Punkte, „-n % im Laden“ | Erfolge: Karten mit Fortschritt und „+n Brix“ | Tagesmissionen: Karten, Reset-Zeile | Fremdes Profil: Aktionsknöpfe, BESTENLISTEN, SCHLIESSEN","Eigenes Profil → Plaza-Hub › KARRIERE: Übersicht → KARRIERE › Profil, Waffen-Mastery → KARRIERE › Waffen-Mastery, Erfolge → KARRIERE › Erfolge, Tagesmissionen → KARRIERE › Tagesmissionen (+ LOBBY-Widget); Kopf → Top-Leiste Profil-Chip (Rang-Abzeichen, XP-Ring), Guthaben-Pillen → Top-Leiste Währungen | Fremdes Profil → Popup mit Reitern Übersicht und Waffen-Mastery und allen Aktionsknöpfen: FREUND ENTFERNEN / ANFRAGE ANNEHMEN / „ANFRAGE GESENDET“ / ALS FREUND, PARTY EINLADEN, FLÜSTERN, POST → Sozial-Panel › Post › Neue Nachricht, SPERREN / ENTSPERREN, MELDEN → Melden, BESTENLISTEN → KARRIERE › Bestenlisten, SCHLIESSEN","Modal (profile) | Esc-Menü · E auf Spieler · Listen · „•••“ (Esc-Menü MEIN PROFIL, „[E] Profil von X“, Zeilenklick in der Spielerliste, Spieler-Aktionen PROFIL; Bestenlisten „MEIN PROFIL“)","eigenes: Plaza-Hub › Profil-Chip → KARRIERE › Profil | Bestenlisten „MEIN PROFIL“ | in P, B, A die eigene Zeile der Tab-Liste | fremdes Popup: „[E] Profil von X“, Zeilenklick in Tab-Liste und Listen, Spieler-Aktionen PROFIL, Sozial-Panel Freundes-Zeile Profil (NEU)","eigenes: P (KARRIERE; NEU: MEIN PROFIL im Esc-Menü entfällt außerhalb der Plaza) | fremdes Popup: P, B, M, A","Erfolge und Tagesmissionen nur im eigenen Profil | Aktionsknöpfe nur im fremden Profil | NEU: MEIN PROFIL nicht mehr im kleinen Esc-Menü (M, B, A) | NEU: POST und BESTENLISTEN im Match ausgeblendet (kein Hub und kein Sozial im Match) | NEU: BESTENLISTEN zeigt in B und A „Nur in der Plaza“ + ZUR PLAZA; POST öffnet dort das Sozial-Panel",Ord 51,40 (KARRIERE) | 51 (Profil-Popup),aufgeteilt
Einstellungen,Grafik,Seite grafik,ZURÜCKSETZEN | ZUR PLAZA | SPIEL BEENDEN | SCHLIESSEN | BEIBEHALTEN | ZURÜCK (n) | NEU: ÜBERNEHMEN (Fußzeile),"Anzeige: Anzeigemodus (Fenster/Vollbild/Randlos), Auflösung, VSync, Bildrate begrenzen, Bildrate im Hintergrund | Qualität: Qualitätsstufe, Schatten, Schattendistanz, Kantenglättung, Texturqualität, Texturfilterung, Umgebungsverdeckung, Sichtweite, Render-Skalierung | Bild: Nachbearbeitung, Bloom, Bewegungsunschärfe, Wettereffekte reduzieren, Helligkeit, Sichtfeld | Barrierefreiheit: Farbsehen Normal, Rot-Grün (Protan), Rot-Grün (Deutan), Blau-Gelb (Tritan) | Bestätigung „Anzeige beibehalten?“ (15 s)","Einstellungen-Screen (Vollbild, Kategorie-Reiter oben, Beschreibungs-Panel rechts) › Reiter Grafik: Anzeige, Qualität, Bild wie heute; „Anzeige beibehalten?“ mit 15-s-Countdown (BEIBEHALTEN / ZURÜCK (n)) bleibt | Abschnitt Barrierefreiheit → eigener Reiter Einstellungen › Barrierefreiheit (NEU) mit Farbsehen, „Animationen reduzieren“ (NEU: alles auf Fades, Partikel aus) und UI-Größe Klein/Mittel/Groß (NEU) | Fußzeile: ZURÜCKSETZEN bleibt; SCHLIESSEN → ÜBERNEHMEN/SCHLIESSEN (NEU), zurück dorthin, woher man kam; ZUR PLAZA → kleines Esc-Menü ZUR PLAZA (B, A) bzw. MATCH VERLASSEN (M) (NEU: nicht mehr in der Fußzeile); SPIEL BEENDEN → System-Menü › Spiel beenden bzw. kleines Esc-Menü SPIEL BEENDEN (NEU: nicht mehr in der Fußzeile)","Einstellungsseite | Esc-Menü „EINSTELLUNGEN“ › Seite Grafik (SettingsPanel, Modal settings; „SCHLIESSEN“ führt zurück ins Menü)","Plaza-Hub › System-Menü (Zahnrad) › Einstellungen › Reiter Grafik | kleines Esc-Menü EINSTELLUNGEN (M, B, A) › Grafik | SCHLIESSEN führt dorthin zurück, woher man kam | Farbsehen jetzt unter Reiter Barrierefreiheit (NEU)","P, B, M, A","HUD und Einführung ausgeblendet, solange die Einstellungen offen sind | NEU: Fußleiste ZURÜCKSETZEN · ÜBERNEHMEN/SCHLIESSEN; ZUR PLAZA und SPIEL BEENDEN liegen jetzt im System-Menü bzw. im kleinen Esc-Menü | Anzeige-Änderungen mit Bestätigung „Anzeige beibehalten?“",Ord 50 (SettingsPanel),44 (Einstellungen),aufgeteilt
Einstellungen,Sound,Seite sound,ZURÜCKSETZEN | ZUR PLAZA | SPIEL BEENDEN | SCHLIESSEN | NEU: ÜBERNEHMEN (Fußzeile),"Lautstärke (%): Gesamtlautstärke, Effekte, Oberfläche, Umgebung, Musik, Sprachchat | Wiedergabe: Stumm im Hintergrund, Ausgabegerät (Systemstandard und Geräte)","Einstellungen-Screen (Vollbild, Kategorie-Reiter oben, Beschreibungs-Panel rechts) › Reiter Sound (Zeilen wie heute; „Oberfläche“ regelt auch die neuen UI-Sound-Hooks) | Fußzeile: ZURÜCKSETZEN bleibt; SCHLIESSEN → ÜBERNEHMEN/SCHLIESSEN (NEU), zurück dorthin, woher man kam; ZUR PLAZA → kleines Esc-Menü ZUR PLAZA (B, A) bzw. MATCH VERLASSEN (M) (NEU: nicht mehr in der Fußzeile); SPIEL BEENDEN → System-Menü › Spiel beenden bzw. kleines Esc-Menü SPIEL BEENDEN (NEU: nicht mehr in der Fußzeile)","Einstellungsseite | Esc-Menü „EINSTELLUNGEN“ › Seite Sound (SettingsPanel, Modal settings; „SCHLIESSEN“ führt zurück ins Menü)","Plaza-Hub › System-Menü (Zahnrad) › Einstellungen › Reiter Sound | kleines Esc-Menü EINSTELLUNGEN (M, B, A) › Sound | SCHLIESSEN führt dorthin zurück, woher man kam","P, B, M, A","HUD und Einführung ausgeblendet, solange die Einstellungen offen sind | NEU: Fußleiste ZURÜCKSETZEN · ÜBERNEHMEN/SCHLIESSEN; ZUR PLAZA und SPIEL BEENDEN liegen jetzt im System-Menü bzw. im kleinen Esc-Menü",Ord 50 (SettingsPanel),44 (Einstellungen),bleibt
Einstellungen,Steuerung,Seite steuerung,ZURÜCKSETZEN | ZUR PLAZA | SPIEL BEENDEN | SCHLIESSEN | NEU: ÜBERNEHMEN (Fußzeile),"Maus und Verhalten: Empfindlichkeit horizontal/vertikal/beim Zielen, Y-Achse umkehren, Sprinten (Halten/Umschalten) | Tastenbelegung (Haupt- und Zweittaste je Aktion, Esc fest): Bewegung, Aktionen, Kampf, Bauen, Sprachchat","Einstellungen-Screen (Vollbild, Kategorie-Reiter oben, Beschreibungs-Panel rechts) › Reiter Steuerung; Tastenbelegungs-Tabelle bleibt | die Werkzeug-Leiste des Bau-HUD zeigt die hier belegten Tasten (T, R, Mittelklick, F, Q, X, Z, Y) | Fußzeile: ZURÜCKSETZEN bleibt; SCHLIESSEN → ÜBERNEHMEN/SCHLIESSEN (NEU), zurück dorthin, woher man kam; ZUR PLAZA → kleines Esc-Menü ZUR PLAZA (B, A) bzw. MATCH VERLASSEN (M) (NEU: nicht mehr in der Fußzeile); SPIEL BEENDEN → System-Menü › Spiel beenden bzw. kleines Esc-Menü SPIEL BEENDEN (NEU: nicht mehr in der Fußzeile)","Einstellungsseite | Esc-Menü „EINSTELLUNGEN“ › Seite Steuerung (SettingsPanel, Modal settings; „SCHLIESSEN“ führt zurück ins Menü) | Tastenbelegung","Plaza-Hub › System-Menü (Zahnrad) › Einstellungen › Reiter Steuerung | kleines Esc-Menü EINSTELLUNGEN (M, B, A) › Steuerung | SCHLIESSEN führt dorthin zurück, woher man kam","P, B, M, A","HUD und Einführung ausgeblendet, solange die Einstellungen offen sind | NEU: Fußleiste ZURÜCKSETZEN · ÜBERNEHMEN/SCHLIESSEN; ZUR PLAZA und SPIEL BEENDEN liegen jetzt im System-Menü bzw. im kleinen Esc-Menü | Esc fest | Hub-Tasten (Q/E Reiter, 1–9 Unterreiter, Y Sozial) gelten nur im modalen Hub, kein Konflikt mit Palette Q und Benutzen E",Ord 50 (SettingsPanel),44 (Einstellungen),bleibt
Einstellungen,Controller,Seite controller,ZURÜCKSETZEN | ZUR PLAZA | SPIEL BEENDEN | SCHLIESSEN | NEU: ÜBERNEHMEN (Fußzeile),"Sticks: Info, Empfindlichkeit, Y-Achse umkehren, Totzone, Zielhilfe | Belegung: Info „Neu belegen“, Gruppen wie bei der Tastatur (rechter Trigger schießt und setzt, linker zielt und baut ab)","Einstellungen-Screen (Vollbild, Kategorie-Reiter oben, Beschreibungs-Panel rechts) › Reiter Controller (wie heute) | Fußzeile: ZURÜCKSETZEN bleibt; SCHLIESSEN → ÜBERNEHMEN/SCHLIESSEN (NEU), zurück dorthin, woher man kam; ZUR PLAZA → kleines Esc-Menü ZUR PLAZA (B, A) bzw. MATCH VERLASSEN (M) (NEU: nicht mehr in der Fußzeile); SPIEL BEENDEN → System-Menü › Spiel beenden bzw. kleines Esc-Menü SPIEL BEENDEN (NEU: nicht mehr in der Fußzeile)","Einstellungsseite | Esc-Menü „EINSTELLUNGEN“ › Seite Controller (SettingsPanel, Modal settings; „SCHLIESSEN“ führt zurück ins Menü)","Plaza-Hub › System-Menü (Zahnrad) › Einstellungen › Reiter Controller | kleines Esc-Menü EINSTELLUNGEN (M, B, A) › Controller | SCHLIESSEN führt dorthin zurück, woher man kam","P, B, M, A","HUD und Einführung ausgeblendet, solange die Einstellungen offen sind | NEU: Fußleiste ZURÜCKSETZEN · ÜBERNEHMEN/SCHLIESSEN; ZUR PLAZA und SPIEL BEENDEN liegen jetzt im System-Menü bzw. im kleinen Esc-Menü | Menü-Steuerung fest: Start wie Esc, B zurück, LB/RB Reiter, LT/RT Unterreiter, A Auswählen, Y Sozial",Ord 50 (SettingsPanel),44 (Einstellungen),bleibt
Einstellungen,Sprachchat,Seite sprachchat · VoiceSettingsPage.cs,STUMM | AUFHEBEN | ZURÜCKSETZEN | ZUR PLAZA | SPIEL BEENDEN | SCHLIESSEN | NEU: ÜBERNEHMEN (Fußzeile),"Sprechen: Sprachchat (Aus/Push-to-Talk/Sprachaktivierung), Info „Datenschutz“ | Tasten: Push-to-Talk, Team-Funk, Party-Funk | Mikrofon: Eingabegerät, Mikrofon-Lautstärke, Aktivierungsschwelle, Eingangspegel, Rauschsperre, Rauschunterdrückung (+ Stärke), Mikrofon testen, Zustand | Wiedergabe: Sprach-Lautstärke, Sprecher anzeigen | Spieler: je Spieler Lautstärke und STUMM/AUFHEBEN, „In Hörweite, n m …“, „Niemand sonst hier“","Einstellungen-Screen (Vollbild, Kategorie-Reiter oben, Beschreibungs-Panel rechts) › Reiter Sprachchat (wie heute) | Stummschalten einzelner Spieler auch über Spieler-Aktionen | Fußzeile: ZURÜCKSETZEN bleibt; SCHLIESSEN → ÜBERNEHMEN/SCHLIESSEN (NEU), zurück dorthin, woher man kam; ZUR PLAZA → kleines Esc-Menü ZUR PLAZA (B, A) bzw. MATCH VERLASSEN (M) (NEU: nicht mehr in der Fußzeile); SPIEL BEENDEN → System-Menü › Spiel beenden bzw. kleines Esc-Menü SPIEL BEENDEN (NEU: nicht mehr in der Fußzeile)","Einstellungsseite | Esc-Menü „EINSTELLUNGEN“ › Seite Sprachchat (SettingsPanel, Modal settings; „SCHLIESSEN“ führt zurück ins Menü)","Plaza-Hub › System-Menü (Zahnrad) › Einstellungen › Reiter Sprachchat | kleines Esc-Menü EINSTELLUNGEN (M, B, A) › Sprachchat | SCHLIESSEN führt dorthin zurück, woher man kam","P, B, M, A","HUD und Einführung ausgeblendet, solange die Einstellungen offen sind | NEU: Fußleiste ZURÜCKSETZEN · ÜBERNEHMEN/SCHLIESSEN; ZUR PLAZA und SPIEL BEENDEN liegen jetzt im System-Menü bzw. im kleinen Esc-Menü | Sprachchat Nähe/Map-weit des Bauplatzes bleibt im Bauplatz-Fenster",Ord 50 (SettingsPanel),44 (Einstellungen),bleibt
Einstellungen,Allgemein,Seite allgemein,ÖFFNEN | MELDEN | ZURÜCKSETZEN | ZUR PLAZA | SPIEL BEENDEN | SCHLIESSEN | NEU: ÜBERNEHMEN (Fußzeile),"Sprache: Automatisch (System) und Sprachen, „(Beta)“ | Anzeigen im Spiel: Namensschilder, Bildrate anzeigen, Ping anzeigen | Party folgen, Chat-Schriftgröße (pt), Kamera beim Betreten (Automatisch/1. Person/3. Person) | Hilfe: Support ÖFFNEN, Fehler melden MELDEN | NEU: UI-Größe Klein (85 %) · Mittel (100 %, Standard) · Groß (120 %)","Einstellungen-Screen (Vollbild, Kategorie-Reiter oben, Beschreibungs-Panel rechts) › Reiter Allgemein (wie heute) | NEU unter Anzeige: „UI-Größe“ Klein (85 %) · Mittel (100 %, Standard) · Groß (120 %); multipliziert die Auto-Skalierung, schaltet sofort um (kein Überblenden), Vorschau zeigt Hub und HUD; dieselbe Einstellung auch unter Barrierefreiheit | Hilfe: ÖFFNEN → Hilfe und Support, MELDEN → Fehler melden | Fußzeile: ZURÜCKSETZEN bleibt; SCHLIESSEN → ÜBERNEHMEN/SCHLIESSEN (NEU), zurück dorthin, woher man kam; ZUR PLAZA → kleines Esc-Menü ZUR PLAZA (B, A) bzw. MATCH VERLASSEN (M) (NEU: nicht mehr in der Fußzeile); SPIEL BEENDEN → System-Menü › Spiel beenden bzw. kleines Esc-Menü SPIEL BEENDEN (NEU: nicht mehr in der Fußzeile)","Einstellungsseite | Esc-Menü „EINSTELLUNGEN“ › Seite Allgemein (SettingsPanel, Modal settings; „SCHLIESSEN“ führt zurück ins Menü)","Plaza-Hub › System-Menü (Zahnrad) › Einstellungen › Reiter Allgemein | kleines Esc-Menü EINSTELLUNGEN (M, B, A) › Allgemein | SCHLIESSEN führt dorthin zurück, woher man kam","P, B, M, A","HUD und Einführung ausgeblendet, solange die Einstellungen offen sind | NEU: Fußleiste ZURÜCKSETZEN · ÜBERNEHMEN/SCHLIESSEN; ZUR PLAZA und SPIEL BEENDEN liegen jetzt im System-Menü bzw. im kleinen Esc-Menü | Chat-Schriftgröße bleibt ein eigener Regler | Hilfe-Zeilen hinter ihrem Schalter",Ord 50 (SettingsPanel),44 (Einstellungen),NEU-Teil
Rollen-Menüs,Baukasten,ServerMenuPanel · ServerMenuPanel.cs,"SCHLIESSEN | JA, AUSFÜHREN | ABBRECHEN | NEU: ZUR FREIGABE SENDEN (Bestätigung über einer Schwelle der Vier-Augen-Freigabe) | NEU: FREIGEBEN / ABLEHNEN / ZURÜCKZIEHEN (Verwaltung › Freigaben) | NEU: Tipp-Bestätigung (Kontoname eintippen, erst dann ist JA, AUSFÜHREN aktiv) | NEU: KONTO-AKTE ÖFFNEN (Spieler-Aktionen, Profil, Sozial-Panel, Meldungs- und Spieler-Detail) | NEU: Wirtschaft: SPEICHERN · ANGEBOT ANLEGEN · NEUES BRETT · VORSCHAU AKTUALISIEREN","Titel und Untertitel vom Server, scrollbarer Body, Meldungszeile | Element-Arten: Heading, Text, Info (Label/Wert), Row (klickbare Karte), Button (Normal/Primary/Danger/Muted, gruppierbar), Field, Select (Stepper), Separator | Bestätigung „Bist du sicher?“ | Effekte: Wechsel, Client-Werkzeug (Asset-Aufnahmen), Inhalte neu laden, Bühne aktualisieren, Replay ansehen","Renderer der TEAM-Seite (Vollbild) mit neuen Skins für alle 8 Element-Arten | NEU: roter Staff-Kopf mit eigenem Rollen-Badge, rote Akzentlinie, Suchfeld (Spieler, Konto-ID, Replay-ID, Map), „zuletzt geöffnet“ | NEU: linke Liste in Kategorien: Moderation › Meldungen, Spieler, Chat-Live, Replays, Sanktions-Verlauf · Spielerverwaltung › Konto-Akte · Wirtschaft › Laden-Verwaltung, Glücksbrett-Saison, Massen-Geschenk, Währungs-Statistik · Live-Betrieb › Instanzen & Server, Wartung planen, Feature-Schalter, Bühne · Entwicklung › Entwickler, Debug-Overlay, Client-Logs anfordern · Verwaltung › Rollen & Rechte, Staff-Liste, Audit-Log, Sicherheit, Freigaben | NEU: 12 Element-Arten Tabs, Tabelle (sortierbar, seitenweise), Raster, Zahlenfeld mit +/−, Währungsfeld mit Vorschau, Item-Auswahl, Datum/Zeit, Diagramm, Bestätigung mit Tipp-Bestätigung, Diff-Ansicht (alt → neu), Schalter, Konto-Kopf (UI_KONZEPT 3a.6) | „Bist du sicher?“ → Dialog, NEU mit Grund (Pflicht) und Vorschau alt → neu; destruktive Aktionen mit Tipp-Bestätigung; über Schwellen ZUR FREIGABE SENDEN | Effekt „Replay ansehen“ → ReplayViewer; „Bühne aktualisieren“ → LOBBY-Karussell | NEU: nach jeder Aktion Toast „Gespeichert · im Protokoll“ | SCHLIESSEN → Esc/B auf der TEAM-Seite; im Match-Modal bleibt SCHLIESSEN","Modal (servermenu) | Esc-Menü (rot) · Chat-Befehl (Rollen-Menüs vom Server, nicht im Match)","Plaza-Hub › TEAM-Schild (rot, nur Staff) → TEAM-Seite | kleines Esc-Menü TEAM (A; NEU auch B, nur Staff) | NEU: KONTO-AKTE ÖFFNEN in Spieler-Aktionen („•••“ in allen Spielerlisten), im Profil-Popup und im Sozial-Panel (nur Staff mit Leserecht) → Konto-Akte | Chat-Befehle (/meldungen, /entwickler, /asset-karte, /rolle, /buehne, /spieler [name], /replays [name], NEU: /akte [name]) öffnen in P, B, A die TEAM-Seite direkt beim jeweiligen Menü, im Match den Baukasten als eigenes Modal (wie heute); das Argument wird durchgereicht","P, B, A (TEAM-Schild bzw. kleines Esc-Menü; NEU: TEAM wieder auf B) | M nur per Chat-Befehl oder KONTO-AKTE ÖFFNEN (Modal)","nur mit Rolle; nur Menüs und Aktionen, die die Rolle laut Rechte-Matrix darf (NEU, UI_KONZEPT 3a.3: Spieler · MOD · DEV · ADMIN · OWNER mit ✓ / Lesen / –); eine Kategorie erscheint nur mit mindestens einem sichtbaren Menü | Rollen-Menüs im Esc-Menü nicht im Match (wie heute) | Chat-Befehle wie heute ohne Modus-Sperre | NEU: OWNER sieht alle Rollen-Menüs | NEU: Sicherheitsregeln (UI_KONZEPT 3a.4): Grund Pflicht, Bestätigung mit Vorschau alt → neu, Protokoll-Eintrag; destruktive Aktionen mit Tipp-Bestätigung (Kontoname); Vier-Augen-Freigabe über Schwellen (> 10.000 Brix, > 500 Kristalle, Massen-Geschenk, Rückerstattung); nie am eigenen Konto oder an gleicher/höherer Rolle; Rate-Limits; der Server prüft jedes Recht",Ord 47,"40 (TEAM-Seite bzw. Einzelseite) | 50 (Baukasten als eigenes Modal im Match; „Bist du sicher?“, Tipp-Bestätigung und Item-Auswahl darüber) | 70 (Toast „Gespeichert · im Protokoll“)",NEU-Teil
Rollen-Menüs,Moderation,StaffMenus · /meldungen,"NEU: KONTO-AKTE ÖFFNEN (Meldungs-Detail, bei Ziel und „Gemeldet von“) | NEU: NEUE SANKTION (Meldung als Beweis) | NEU: Chat-Live: LÖSCHEN · STUMM · KONTO-AKTE · PAUSE / WEITER | NEU: Sanktions-Verlauf: AUFHEBEN","Liste: Filter Offen/Erledigt/Abgewiesen/Alle, Zeilen je Meldung, „Zurück“/„Weiter“ | Detail „Meldung“: Ziel, Grund, Details, Gemeldet von, Status, Feld „Notiz“, Abweisen, Erledigen, Map ausblenden, Map sperren, Map freigeben, Kommentar ausblenden, „Zurück zur Liste“","TEAM-Seite › Kategorie Moderation › Meldungen (NEU-Name des Menüs; gerendert vom Baukasten) | NEU in derselben Kategorie: Chat-Live (Live-Feed aller Instanzen, Filter Instanz/Spieler/Wörter; je Zeile LÖSCHEN, STUMM, KONTO-AKTE) und Sanktions-Verlauf (global, AUFHEBEN) | Map ausblenden/sperren/freigeben wie heute; dieselben Aktionen auch in Konto-Akte › Maps & Bauplatz","Rollen-Menü | Moderator, Admin | Esc-Menü (roter Marker, nicht im Match) | Chat-Befehl /meldungen","Plaza-Hub › TEAM-Schild (rot, nur Staff) → TEAM-Seite › Moderation › Meldungen | kleines Esc-Menü TEAM (A; NEU auch B, nur Staff) › Moderation › Meldungen | NEU: Suchfeld der TEAM-Seite | Chat-Befehl /meldungen öffnet in P, B, A die TEAM-Seite direkt bei Meldungen, im Match den Baukasten als eigenes Modal (wie heute); das Argument wird durchgereicht","P, B, A (TEAM-Schild bzw. kleines Esc-Menü; NEU: TEAM wieder auf B) | M nur per Chat-Befehl","Rolle Moderator, Admin oder Owner (Rechte-Matrix, UI_KONZEPT 3a.3) | über TEAM-Schild/Esc-Menü nicht im Match (wie heute); per Chat-Befehl im Match als eigenes Baukasten-Modal | NEU: jede Aktion mit Grund (Feld „Notiz“), Bestätigung mit Vorschau und Protokoll-Eintrag (Toast „Gespeichert · im Protokoll“)",— (über ServerMenuPanel Ord 47),40 (TEAM-Seite),NEU-Teil
Rollen-Menüs,Entwickler,"StaffMenus · /entwickler, /asset-karte","NEU: Debug-Overlay (Schalter, nur eigenes Spiel) | NEU: ANFORDERN · LINK KOPIEREN (Client-Logs anfordern)","„Inhalte, Instanzen und Werkzeuge“: Inhaltsversion, Waffen-Version, Overlay, Instanzen, Asset-Karte | Aktionen „Asset-Karte betreten“, „Asset-Aufnahmen“, „Inhalte neu laden“","TEAM-Seite › Kategorie Entwicklung › Entwickler (gerendert vom Baukasten) | NEU in derselben Kategorie: Debug-Overlay (Bildrate/Ping-Verlauf, UiState-Stapel, Canvas-Ebenen, Draw Calls, Fokus-Gruppe) und Client-Logs anfordern (Konto, Zeitraum, Grund; Liste mit Status)","Rollen-Menü | Entwickler, Admin | Esc-Menü (roter Marker, nicht im Match) | Chat-Befehle /entwickler, /asset-karte","Plaza-Hub › TEAM-Schild (rot, nur Staff) → TEAM-Seite › Entwicklung › Entwickler | kleines Esc-Menü TEAM (A; NEU auch B, nur Staff) › Entwicklung | Chat-Befehl /entwickler bzw. /asset-karte öffnet in P, B, A die TEAM-Seite direkt bei Entwickler, im Match den Baukasten als eigenes Modal (wie heute); das Argument wird durchgereicht","P, B, A (TEAM-Schild bzw. kleines Esc-Menü; NEU: TEAM wieder auf B) | M nur per Chat-Befehl","Rolle Entwickler, Admin oder Owner (Rechte-Matrix, UI_KONZEPT 3a.3) | über TEAM-Schild/Esc-Menü nicht im Match (wie heute); per Chat-Befehl im Match als eigenes Baukasten-Modal | „Asset-Karte betreten“ wechselt nach A | NEU: DEV liest zusätzlich Live-Betrieb (Instanzen & Server, Wartung planen, Feature-Schalter, Bühne) ohne Aktionen | NEU: Client-Logs anfordern mit Grund und Protokoll-Eintrag; Debug-Overlay nur lokal",— (über ServerMenuPanel Ord 47),40 (TEAM-Seite),NEU-Teil
Rollen-Menüs,Verwaltung,StaffMenus · /rolle,"NEU: SPEICHERN (Rechte-Matrix und Sicherheit, nur OWNER) | NEU: EXPORTIEREN (Audit-Log, nur OWNER) | NEU: FREIGEBEN / ABLEHNEN (Freigaben, nur OWNER)","„Rolle setzen“: Konto, Rolle (player/moderator/developer/admin), Grund, „Rolle setzen“ | „XP setzen“: Konto, XP gesamt, Grund, „XP setzen“","TEAM-Seite › Kategorie Verwaltung (gerendert vom Baukasten) › Rollen & Rechte mit „Rolle setzen“ (wie heute) und NEU Rechte-Matrix | „XP setzen“ → NEU Konto-Akte › Fortschritt (RANG/XP SETZEN, Vorschau Rang alt → neu); in Verwaltung bleibt der Verweis „XP setzen“ | NEU: Staff-Liste, Audit-Log (global, Filter Person/Aktion/Konto/Zeitraum, Export), Sicherheit (Schwellen der Vier-Augen-Freigabe, Rate-Limits), Freigaben (Warteschlange für OWNER)","Rollen-Menü | Admin | Esc-Menü (roter Marker, nicht im Match) | Chat-Befehl /rolle","Plaza-Hub › TEAM-Schild (rot, nur Staff) → TEAM-Seite › Verwaltung | kleines Esc-Menü TEAM (A; NEU auch B, nur Staff) › Verwaltung | NEU: Glocke „Freigabe angefragt“ → Verwaltung › Freigaben (OWNER) | Chat-Befehl /rolle öffnet in P, B, A die TEAM-Seite direkt bei Rollen & Rechte, im Match den Baukasten als eigenes Modal (wie heute); das Argument wird durchgereicht","P, B, A (TEAM-Schild bzw. kleines Esc-Menü; NEU: TEAM wieder auf B) | M nur per Chat-Befehl","NEU: Kategorie für OWNER; ADMIN eingeschränkt: „Rolle setzen“ (player/moderator/developer) und „XP setzen“ wie heute, Rechte-Matrix, Staff-Liste, Audit-Log, Sicherheit und Freigaben nur Lesen (Rechte-Matrix, UI_KONZEPT 3a.3) | über TEAM-Schild/Esc-Menü nicht im Match (wie heute); per Chat-Befehl im Match als eigenes Baukasten-Modal | NEU: Rolle owner (OWNER, Inhaber) über admin; admin und owner vergibt nur OWNER, ADMIN vergibt player/moderator/developer | NEU: Rechte-Matrix ändern, Audit-Log exportieren und Freigaben erteilen nur OWNER; „Rolle setzen“ mit Tipp-Bestätigung, nie am eigenen Konto oder an gleicher/höherer Rolle",— (über ServerMenuPanel Ord 47),40 (TEAM-Seite),NEU-Teil
Rollen-Menüs,Bühne,StageMenu · /buehne,NEU: Live-Betrieb › Instanzen & Server: BEITRETEN · ZUSCHAUEN · NACHRICHT AN INSTANZ · NEU STARTEN · SCHLIESSEN | NEU: Wartung planen: WARTUNG PLANEN · VERSCHIEBEN · ABSAGEN | NEU: Feature-Schalter: Schalter je Funktion,"Info Bühne, Event-Bonus, „Bühne stummschalten“/„freigeben“ | „Ankündigungen“: Zeilen mit „Beenden“, Titel, Text, Art, Dauer, Banner, „Ankündigen“ | „Events“ (nur Admin): Name, Beschreibung, Start, Dauer, XP-Faktor, Brix-Faktor, „Event planen“ | „Map der Woche“: Aktuell, Map, Für, „Festlegen“, „Wieder automatisch“ | „Event-Hosts“: Konto, Für, „Freischalten“/„Entziehen“ | „Auf die Bühne holen“: Konto","TEAM-Seite › Kategorie Live-Betrieb › Bühne (gerendert vom Baukasten); Inhalte erscheinen im LOBBY-Karussell, als Event-Bonus-Chip und als Bühnen-Banner | NEU in derselben Kategorie: Instanzen & Server, Wartung planen (steuert das Wartungsband), Feature-Schalter (Tägliche Belohnung, Hilfe und Support, Fehler melden, NEU Events, NEU Glücksbrett) | NEU: „Start“ der Events als Datum/Zeit-Feld (Baukasten-Element)","Rollen-Menü | Moderator, Admin | Esc-Menü (roter Marker, nicht im Match) | Chat-Befehl /buehne","Plaza-Hub › TEAM-Schild (rot, nur Staff) → TEAM-Seite › Live-Betrieb › Bühne | kleines Esc-Menü TEAM (A; NEU auch B, nur Staff) › Live-Betrieb › Bühne | Chat-Befehl /buehne öffnet in P, B, A die TEAM-Seite direkt bei Bühne, im Match den Baukasten als eigenes Modal (wie heute); das Argument wird durchgereicht","P, B, A (TEAM-Schild bzw. kleines Esc-Menü; NEU: TEAM wieder auf B) | M nur per Chat-Befehl","Rolle Moderator, Admin oder Owner wie heute; „Events“ nur Admin und Owner (Rechte-Matrix, UI_KONZEPT 3a.3) | NEU: MOD sieht in Live-Betrieb nur die Bühne; DEV liest die Bühne ohne Aktionen | NEU: Feature-Schalter Events aus → Events in Neuigkeiten, Karussell-Folie „Event läuft“ und Event-Bonus-Chip ausgeblendet | über TEAM-Schild/Esc-Menü nicht im Match (wie heute); per Chat-Befehl im Match als eigenes Baukasten-Modal",— (über ServerMenuPanel Ord 47),40 (TEAM-Seite),NEU-Teil
Rollen-Menüs,Spieler,PlayersMenu · /spieler [name],NEU: KONTO-AKTE ÖFFNEN (Detail) | NEU: Konto-Akte (UI_KONZEPT 3a.2.2): TELEPORTIEREN ZU · HOLEN · ZUSCHAUEN · POST SENDEN · NOTIZ HINZUFÜGEN · HINZUFÜGEN / ABZIEHEN / SETZEN · RÜCKGÄNGIG · ITEM GEBEN · ENTZIEHEN · LAUFZEIT ÄNDERN · AUFWERTEN / ABWERTEN · ZERLEGEN RÜCKGÄNGIG · AUSRÜSTUNG ZURÜCKSETZEN · RANG/XP SETZEN · NEUE SANKTION · AUFHEBEN · RÜCKERSTATTEN,"Suche: Feld Name, „Suchen“, Trefferzeilen | Detail: Name, Rang, Status, Aufenthalt, Grund, Auswahl Sperre und Stumm, Sperren, Stummschalten, Kicken, Sperre aufheben, Stumm aufheben, „Zurück zur Suche“","TEAM-Seite › Kategorie Moderation › Spieler (gerendert vom Baukasten) | NEU: KONTO-AKTE ÖFFNEN im Detail → Spielerverwaltung › Konto-Akte (Übersicht, Währungen, Inventar, Fortschritt, Maps & Bauplatz, Sozial, Sanktionen, Käufe, Support, Protokoll) | Sperren, Stummschalten und Kicken zusätzlich in Konto-Akte › Sanktionen (NEUE SANKTION mit Beweis-Link, AUFHEBEN)","Rollen-Menü | Moderator, Admin | Esc-Menü (roter Marker, nicht im Match) | Chat-Befehl /spieler [name]","Plaza-Hub › TEAM-Schild (rot, nur Staff) → TEAM-Seite › Moderation › Spieler | kleines Esc-Menü TEAM (A; NEU auch B, nur Staff) › Moderation › Spieler | NEU: Suchfeld der TEAM-Seite | Chat-Befehl /spieler [name] öffnet in P, B, A die TEAM-Seite direkt bei Spieler, im Match den Baukasten als eigenes Modal (wie heute); das Argument wird durchgereicht | NEU: /akte [name] öffnet direkt die Konto-Akte","P, B, A (TEAM-Schild bzw. kleines Esc-Menü; NEU: TEAM wieder auf B) | M nur per Chat-Befehl","Rolle Moderator, Admin oder Owner (Rechte-Matrix, UI_KONZEPT 3a.3) | über TEAM-Schild/Esc-Menü nicht im Match (wie heute); per Chat-Befehl im Match als eigenes Baukasten-Modal | beim eigenen Konto und geschützten Staff-Konten nur ein Hinweis (NEU: geschützt = gleiche oder höhere Rolle) | NEU: Sperren, Stummschalten und Kicken mit Grund (Pflicht), Bestätigung mit Vorschau und Protokoll-Eintrag; dauerhafte Sperre mit Tipp-Bestätigung (Kontoname); Rate-Limit",— (über ServerMenuPanel Ord 47),40 (TEAM-Seite),NEU-Teil
Rollen-Menüs,Replays,ReplaysMenu · /replays [name],—,"Feld „Spieler oder Replay-ID“, „Suchen“ | Zeilen „Map (Modus)“ mit Dauer und Alter; Klick öffnet die Replay-Ansicht",TEAM-Seite › Kategorie Moderation › Replays (gerendert vom Baukasten); Klick → ReplayViewer,"Rollen-Menü | Moderator, Admin | Esc-Menü (roter Marker, nicht im Match) | Chat-Befehl /replays [name]","Plaza-Hub › TEAM-Schild (rot, nur Staff) → TEAM-Seite › Moderation › Replays | kleines Esc-Menü TEAM (A; NEU auch B, nur Staff) › Moderation › Replays | NEU: Suchfeld der TEAM-Seite (Replay-ID) | Chat-Befehl /replays [name] öffnet in P, B, A die TEAM-Seite direkt bei Replays, im Match den Baukasten als eigenes Modal (wie heute); das Argument wird durchgereicht","P, B, A (TEAM-Schild bzw. kleines Esc-Menü; NEU: TEAM wieder auf B) | M nur per Chat-Befehl","Rolle Moderator, Admin oder Owner (Rechte-Matrix, UI_KONZEPT 3a.3) | über TEAM-Schild/Esc-Menü nicht im Match (wie heute); per Chat-Befehl im Match als eigenes Baukasten-Modal | Staff sieht alle Replays wie heute; Spieler nutzen KARRIERE › Replays & Highlights",— (über ServerMenuPanel Ord 47),40 (TEAM-Seite),verschoben
Welt-UI,Namensschild,NameTag · Player/NameTag.cs,—,"Name, Rollen-Abzeichen, Kennzeichen-Reihe (UiNameBadges), Sprech-Symbol",Welt-UI im neuen Look (Rollen-Badges Krone = OWNER (NEU) / Schild = ADMIN / </> = DEV / Schild mit Haken = MOD / Person = Spieler; Leiter mit kleiner Krone vor dem Namen),Welt-UI | automatisch über Spielern,automatisch | abschaltbar unter Einstellungen › Allgemein › Namensschilder,"P, B, M, A",abschaltbar in den Einstellungen,Welt,Welt,bleibt
Welt-UI,Stationsschild und -ring,StationView · World/StationView.cs,—,"Farbbalken, Titel, Hinweis bzw. „(bald)“ | leuchtet während der Einführung","entfällt: Stationen sind Deko und kein UI; ihre Funktionen laufen über den Plaza-Hub, „(bald)“ und das Leuchten während der Einführung entfallen","Welt-UI | Stationen mit E = Benutzen: Station „Bau-Portal“, „Garderobe“, „Arena“, „Map-Galerie“, „Schießstand“, „Bestenlisten“, „Laden“, „Glücksbrett“, „Bühne“; Parkour-Turm (nur Hinweis), Ankunftsplatz, „Zurück zur Plaza“ (B) / „Zur Plaza“ (M) → Wechsel | leuchtet während der Einführung","— (kein UI; die Funktionen liegen in den Hub-Reitern, ZUR PLAZA im kleinen Esc-Menü)","— (heute P, Portale B und M)",—,Welt,—,entfällt
Welt-UI,Bühnen-Leinwand,StageScreen · World/StageScreen.cs,—,"Folien alle ~8 s: Ankündigung, Saison, News, „Event läuft“/„Event“, Map der Woche, Clan des Monats, die besten drei | Punkte-Reihe",Welt-UI im neuen Look (Leinwand in der Plaza); dieselben Folien als Event-/News-Karussell in Plaza-Hub › LOBBY,Welt-UI | P | automatisch auf der Bühne,automatisch in der Welt | Inhalte auch im LOBBY-Karussell,P,nur Plaza,Welt,Welt,bleibt
Welt-UI,Ziele im Match,ModeWorldView · Combat/ModeWorldView.cs,—,"Flagge, Platten mit Buchstaben, Bombe, Stern über dem Gesuchten, Bauzonen-Rahmen, liegende Waffen",Welt-UI im neuen Look,Welt-UI | M | automatisch,automatisch wie heute,M,"nur im Match, je nach Modus",Welt,Welt,bleibt
Welt-UI,"Schießstand-Ziele, Monster, Asset-Karte, Geister",RangeTargetsView · MonsterView · AssetMapView · GhostView,—,Schießstand: Zahl über dem Ziel „-n Zone“ | Monster: Lebensleiste über angeschlagenen Monstern | Asset-Karte: Schilder und Überschriften | Geister: hellblau | schwebende Schadenszahlen nur am Schießstand,Welt-UI im neuen Look; Monster-Lebensleisten im Stil der Lebensleisten des Kampf-HUD,Welt-UI | automatisch,automatisch wie heute,"P (Schießstand) | M (Monster, Geister) | A (Asset-Karte)",schwebende Schadenszahlen nur am Schießstand,Welt,Welt,bleibt
Sonstiges & Overlays,Spieler-Aktionen,PlayerActionsPanel · PlayerActionsPanel.cs,"STUMM | AUFHEBEN | SPIELER | CHAT | SPRACHCHAT | BAURECHT GEBEN/NEHMEN | RAUSWERFEN | ENTFERNEN | PROFIL | SCHLIESSEN | NEU: KONTO-AKTE ÖFFNEN (Block „TEAM“, nur Staff mit Leserecht auf die Konto-Akte)","Titel = Name, Status „Spricht gerade.“/„Hier.“/„Stumm geschaltet – …“ | „LAUTSTÄRKE“: Regler, STUMM/AUFHEBEN | „MELDEN“: SPIELER, CHAT, SPRACHCHAT | „BAUPLATZ“ (Inhaber): BAURECHT GEBEN/NEHMEN, RAUSWERFEN | „RAUM“ (Raumleiter): ENTFERNEN | PROFIL, SCHLIESSEN, grüner Sprecher-Punkt in der Zeile","Kontext-Popup Spieler-Aktionen (eigenständig, neu gestaltet; über Profil und Melden) | PROFIL → Profil-Popup | MELDEN → Melden-Popup | NEU: Block „TEAM“ über PROFIL/SCHLIESSEN mit roter Akzentlinie: KONTO-AKTE ÖFFNEN → TEAM › Spielerverwaltung › Konto-Akte (P: TEAM-Seite im Hub, B/A: TEAM-Einzelseite, M: Baukasten-Modal)","Modal (player_actions) | „•••“ in jeder Spielerliste (Tab-Liste, Punktestand, Warteraum, Ergebnis, Bauplatz-Mitbauer, Replay-Liste)","„•••“ in allen 6 Aufrufern: Tab-Liste (Varianten Spielerliste und Punktestand), Warteraum, Ergebnis, Bauplatz-Fenster › Mitbauer, ReplayViewer-Spielerliste (nur Live) | NEU: KONTO-AKTE ÖFFNEN zusätzlich im Profil-Popup (fremdes Profil) und im Sozial-Panel (Zeilen in Freunde, Party, Clan, Post, Gesperrt; Kontext per Rechtsklick bzw. Gamepad-X)","P, B, M, A","BAUPLATZ nur Inhaber | RAUM nur Raumleiter | „•••“ im Punktestand nur angeheftet, im ReplayViewer nur bei Live | NEU: Block „TEAM“ nur für Staff mit mindestens Leserecht auf die Konto-Akte (MOD, ADMIN, OWNER; Rechte-Matrix, UI_KONZEPT 3a.3), nicht an der eigenen Zeile | NEU: im Match öffnet KONTO-AKTE ÖFFNEN das Baukasten-Modal (Ebene 50); Spieler-Aktionen schließen, die angeheftete Tab-Liste wird gelöst",Ord 53,53 (Spieler-Aktionen) | 40 bzw. 50 (Konto-Akte: TEAM-Seite bzw. Baukasten-Modal im Match),NEU-Teil
Sonstiges & Overlays,Melden,ReportPanel · ReportPanel.cs,MELDEN | ABBRECHEN,"„X melden“, „Die Moderation sieht sich die Meldung an …“ | „WAS MELDEST DU?“: Spieler/Chat/Sprachchat | „GRUND“: Schummeln, Belästigung, Anstößiger Name, Spam, Sprachchat-Missbrauch, Sonstiges | „DETAILS (FREIWILLIG)“, bei Chat mit den letzten Zeilen vorbefüllt","Popup Melden (eigenständig, neu gestaltet; über Profil, unter Spieler-Aktionen)",Modal (report) | Profil „MELDEN“ | Spieler-Aktionen „MELDEN“ › SPIELER/CHAT/SPRACHCHAT,wie heute: Profil-Popup MELDEN | Spieler-Aktionen MELDEN › SPIELER/CHAT/SPRACHCHAT,"P, B, M, A",Chat-Meldung mit den letzten Zeilen vorbefüllt,Ord 52,52 (Melden),bleibt
Sonstiges & Overlays,Weitere Texte ohne eigenes Fenster,"Toasts, Ablehnungen, Hilfsklassen",—,"Stations-Toasts: „Diese Station wird bald freigeschaltet.“, „Die Map wird vorbereitet.“ … | Bau-Ablehnungen (Build/BuildTool.cs, rund 20 Texte, z. B. „Dort ist schon ein Brick.“) | unsichtbare Hilfsklassen: ScreenWatcher, LocText, Vorschaubild- und Symbol-Caches","Toast-Komponente in der Toast-Ebene über den Menüs (NEU) | Bau-Ablehnungen (rund 20 Texte): Toast mit rotem Rand + Shake und roter Puls am Werkzeug im Bau-HUD (NEU) | Liste „entfällt“: „Diese Station wird bald freigeschaltet.“ und die übrigen Texte zum Benutzen einer Station (Stationen sind kein UI); „Die Map wird vorbereitet.“ bleibt als Toast, jetzt beim BETRETEN aus ERSTELLEN › Meine Maps | Hilfsklassen ScreenWatcher, LocText, Vorschaubild- und Symbol-Caches unverändert","Toast | automatisch (Station benutzen, Bau-Aktion)",automatisch,P (Stationen) | B und M in der Bauphase (Bau-Ablehnungen),Bau-Ablehnungen nur beim Bauen,— (Toast im HUD Ord 10),70 (Toasts),verschoben
Bausteine,"UiFactory, EconomyUi, UiControls","Game/UI/UiFactory*.cs, EconomyUi.cs, UiControls.cs",—,"UiFactory: Grundlagen, .Match (Window, Badge, Spinner, ProgressBar …), .Controls (SettingRow, Slider, Switch, Stepper, SidebarTab …), .Economy (ItemIcon, RankBadge, Währungen, Sterne, BalancePill), .Combat/.Modes/.Social/.Voice (Symbole) | EconomyUi: Card, Chip, ItemTile, Overlay, Bar, Steps, TierColor/TierName, Lifetime, Farben Selected/TileColor/Expired | UiControls und Sonstiges: UiScaler, UiFitBox, UiButtonSound, UiSwitch, UiSlider, UiStepper, UiTab, UiKeybindButton, UiNameBadges, UiEmblemEditor, PlayerActionsPanel.AddRowButton, MapThumbnailCache.PlotPicture, PadNavigator","Skin-Schicht (uGUI + UiFactory-Skin, 9-Slice, Sprite-Atlas, Tween-Helfer, UI-Partikel) | alte Farbnamen Accent, Surface, SurfaceLight, SurfaceSoft, TextPrimary, TextMuted, Danger, Good, Selected, TileColor, Expired, TierColor → neue Tokens aus dem Sheet | Window → Hub-Seite bzw. Dialog (Statuszeile → Fußleiste, SCHLIESSEN → Esc/B) | Button → Gold-Platte (3 Größen × 4 Zustände); Switch → Toggle; Slider/Stepper → Slider/Stufen-Slider; Chip/Segment/SidebarTab/UiTab → Reiter; Card → Karte mit Titel-Plakette; ProgressBar/Bar → Fortschrittsbalken; Steps → Fortschritts-Pfad; BalancePill → Ressourcen-Leiste; RankBadge/UiNameBadges → Rang- und Rollen-Badges; TierColor/TierName → Stufen mit Name und Symbol; UiButtonSound → Sound-Hooks; PadNavigator → Fokus-Ring | NEU Auto-Skalierung in UiScaler/UiFitBox: Referenz 1920×1080, Faktor aus Breite/1920 und Höhe/1080 je zur Hälfte (wie CanvasScaler Match 0.5), begrenzt auf 0.6–2.0, Safe-Area; bei schmalen Seitenverhältnissen Hub-Reiter als Icons (Label nur beim aktiven Reiter) und einklappende Seitenleisten; scharf durch 9-Slice und Vektor-Glyphen bzw. 2×-Sprites; multipliziert mit der UI-Größe Klein/Mittel/Groß",Widgets | von allen Fenstern genutzt,von allen Screens genutzt (Skin-Schicht),alle Modi,„Animationen reduzieren“ schaltet Tweens auf Fades und Partikel aus | Animationen nur über transform/opacity/filter (60 fps) | NEU: Spielzustände im HUD und die UI-Größe schalten sofort; Bestätigungs-Effekte verzögern nie die Anzeige | Stufen nie nur über die Farbe,—,— (alle Ebenen),NEU-Teil
