visier,name,vergroesserung,fZFov,fZCamSpeed,midstep,midfovs,zoomKeep,ads_zeit_s,fZAccuracy,fZAccurateMin,fZAccurateMax,fZInaccurateMin,fZInaccurateMax,fZAccurateSpread,fZAccurateCenter,fZMoveInaccuracyFactor,overlay,glanz
KEINS,Kein Visier (Hüfte),1.0,60.0,1.00,0,-,true,0.00,-,-,-,-,-,-,-,-,keins,nein
IRON,Kimme & Korn,1.15,53.3,0.90,0,-,true,0.15,90,0.002,0.025,0.008,0.040,0.004,0.080,2.0,3D-Modell,nein
REDDOT,Rotpunkt,1.3,47.9,0.85,0,-,true,0.18,92,0.002,0.022,0.007,0.035,0.004,0.080,2.0,3D-Modell + Punkt,nein
HOLO,Holo-Visier,1.5,42.1,0.80,0,-,true,0.20,93,0.002,0.020,0.006,0.032,0.004,0.080,2.0,3D-Modell + Ring,nein
ACOG2,Zielfernrohr 2x,2.0,32.2,0.65,0,-,true,0.25,95,0.001,0.018,0.005,0.030,0.004,0.080,2.5,Vollbild-Ring,nein
ACOG4,Zielfernrohr 4x,4.0,16.4,0.45,0,-,true,0.30,96,0.001,0.016,0.004,0.028,0.005,0.070,3.0,Vollbild-Ring,ja
SNIPER6,Sniper-Zielfernrohr 6x,6.0,11.0,0.35,0,-,false,0.35,98,0.000,0.020,0.002,0.040,0.030,0.080,6.0,Vollbild-Fadenkreuz,ja
SNIPER_2STUFEN,Sniper 4x / 10x,10.0,6.6,0.25,1,16.4,false,0.40,98,0.000,0.020,0.002,0.040,0.030,0.080,6.0,Vollbild-Fadenkreuz,ja
ANTIMAT,Anti-Material 8x,8.0,8.3,0.30,0,-,true,0.40,97,0.000,0.025,0.003,0.045,0.020,0.070,6.0,Vollbild-Fadenkreuz,ja
